date,unhedged,hedged_daily,hedged_weekly
2022-01-03,18200.999450683594,18200.999450683594,18200.999450683594
2022-01-04,17969.99969482422,18253.797861004998,18253.797861004998
2022-01-05,17491.99981689453,18522.320833368976,18592.77414888656
2022-01-06,17200.0,18491.269879715168,18637.947324684228
2022-01-07,17216.99981689453,18436.17454074106,18553.15153464037
2022-01-10,17219.000244140625,18432.82411647772,18547.6146038162
2022-01-11,17508.00018310547,18291.975507279967,18406.766340562903
2022-01-12,17552.999877929688,18230.64179478452,18354.60588132121
2022-01-13,17219.000244140625,18459.427139506217,18526.463493732586
2022-01-14,17307.000732421875,18344.203817664795,18411.037873587113
2022-01-18,16980.00030517578,18630.224993277607,18683.055120891757
2022-01-19,16622.999572753906,18626.38136243801,18679.21173611086
2022-01-20,16450.999450683594,18672.639499774643,18747.399595714796
2022-01-21,16241.000366210938,18775.344547049823,18894.54570109867
2022-01-24,16161.99951171875,18817.17777121813,18958.376909780425
2022-01-25,15977.999877929688,18933.65247873005,19133.380662553638
2022-01-26,15969.000244140625,18904.918238546892,19104.64746205414
2022-01-27,15922.000122070312,18929.554026757352,19129.74874343168
2022-01-28,17033.00018310547,18564.002830970698,18747.051562914607
2022-01-31,17477.999877929688,18310.22096824799,18617.903813187047
2022-02-01,17461.000061035156,18234.095561071263,18558.901900388675
2022-02-02,17583.999633789062,18158.449897096492,18483.25792719103
2022-02-03,17289.999389648438,18472.542867211265,18765.18493098321
2022-02-04,17238.999938964844,18325.131375912035,18611.496364214905
2022-02-07,17166.000366210938,18286.800133906618,18576.292355576796
2022-02-08,17483.00018310547,18166.097316749612,18402.158998671104
2022-02-09,17627.999877929688,18048.520346079178,18284.583709541927
2022-02-10,17211.99951171875,18254.446799126315,18445.558357555747
2022-02-11,16863.999938964844,18463.85594951067,18722.27584503463
2022-02-14,16888.00048828125,18409.289087035773,18647.685664406403
2022-02-15,17278.99932861328,18241.101951957913,18338.561682221076
2022-02-16,17255.00030517578,18185.71800133655,18283.17874625424
2022-02-17,16888.00048828125,18404.580432648687,18509.57713643866
2022-02-18,16730.00030517578,18378.4816912328,18503.947896204743
2022-02-22,16432.000732421875,18371.093309240543,18562.162375612526
2022-02-23,16007.000732421875,18461.915234630756,18836.251835441893
2022-02-24,16274.000549316406,18408.33592051398,18782.675803194634
2022-02-25,16485.000610351562,18321.159810347923,18709.81313754634
2022-02-28,16511.99951171875,18318.898843524352,18709.95359786265
2022-03-01,16319.999694824219,18416.553142917408,18781.853599587273
2022-03-02,16655.999755859375,18314.127365193886,18705.275152686267
2022-03-03,16622.999572753906,18306.203273991076,18697.355133728193
2022-03-04,16316.999816894531,18413.437582586477,18810.235013856298
2022-03-07,15930.000305175781,18475.418513127875,18912.453344019996
2022-03-08,15744.000244140625,18388.58390256672,18825.62304396062
2022-03-09,16294.999694824219,18032.432782191023,18419.14783949507
2022-03-10,15852.000427246094,18183.23866804432,18569.95785739434
2022-03-11,15472.999572753906,18387.696267650892,18883.660746416175
2022-03-14,15061.99951171875,18572.580191136098,19277.761012797397
2022-03-15,15508.999633789062,18296.365164957704,18627.1534608621
2022-03-16,15958.999633789062,17973.223588005323,18046.96987878509
2022-03-17,16061.99951171875,17867.03189406493,17940.778993027652
2022-03-18,16397.999572753906,17699.987157669104,17801.857423149875
2022-03-21,16538.00048828125,17781.64923435876,17896.912469777937
2022-03-22,16882.000732421875,17624.371844750047,17876.346971748568
2022-03-23,17021.00067138672,17823.30090398626,18049.044469884102
2022-03-24,17407.000732421875,17716.513765635213,17942.260547628684
2022-03-25,17472.000122070312,17593.791929277675,17869.1108953191
2022-03-28,17560.000610351562,17623.3787468072,17918.25034335453
2022-03-29,17896.00067138672,17514.650280472946,17972.79530448266
2022-03-30,17777.000427246094,17630.652899390727,17980.142502535826
2022-03-31,17461.000061035156,17752.44923395517,18101.9438161657
2022-04-01,17430.999755859375,17529.49239698957,17825.759531350755
2022-04-04,17844.000244140625,17500.90943856808,17720.18926166702
2022-04-05,17505.999755859375,17687.869534944017,17907.153263060878
2022-04-06,17183.00018310547,17966.4257000203,18277.553829730266
2022-04-07,17213.999938964844,17908.26639480565,18219.400320929286
2022-04-08,17008.999633789062,17868.131037010095,18172.24017246331
2022-04-11,16575.0,18242.852192939223,18609.774313617218
2022-04-12,16766.000366210938,18107.91890935541,18308.721093937642
2022-04-13,17039.999389648438,17903.96011143033,17964.93805798532
2022-04-14,16528.99932861328,18292.46733048348,18353.446596849404
2022-04-18,16507.000732421875,18133.50105363113,18124.4751908613
2022-04-19,16739.999389648438,17717.07872323158,17408.23373914182
2022-04-20,16722.999572753906,18307.951091085415,17983.633938941533
2022-04-21,16641.99981689453,18445.677623013824,18174.92338330229
2022-04-22,16178.999328613281,18987.699543306033,18716.939146647263
2022-04-25,16288.00048828125,18883.544223816873,18523.988252202882
2022-04-26,15680.000305175781,19341.503661930343,19314.76856236898
2022-04-27,15657.000732421875,19243.032014990025,19155.188864639917
2022-04-28,16363.999938964844,19125.30424220277,18365.205161684495
2022-04-29,15764.999389648438,19128.511606382745,18368.394824720872
2022-05-02,15796.000671386719,18927.462507962206,18083.419942466946
2022-05-03,15947.999572753906,18832.177288353218,17914.062530426294
2022-05-04,16602.000427246094,18760.544423708536,17727.65546730637
2022-05-05,15677.000427246094,19949.960752461335,18109.02567180122
2022-05-06,15727.999877929688,19856.979373084047,18016.00142083382
2022-05-09,15205.999755859375,20053.828903172118,18181.598569060574
2022-05-10,15450.999450683594,19894.32088457992,18022.044898268032
2022-05-11,14650.0,20295.211021720366,18318.00960083079
2022-05-12,14255.999755859375,20435.411533814033,18556.144889827905
2022-05-13,14711.000061035156,20100.788196286354,18221.468520191876
2022-05-16,14553.999328613281,20059.8750184396,18167.28698436036
2022-05-17,14924.000549316406,19809.10785327854,17958.824007441533
2022-05-18,14082.000732421875,20362.429326195637,18258.71039994001
2022-05-19,13735.000610351562,20303.340424946957,18218.638925313004
2022-05-20,13758.999633789062,20310.777078890256,18226.016749863382
2022-05-23,14311.000061035156,20230.924705160935,18150.24996480413
2022-05-24,14036.000061035156,20339.2091273538,18203.7938418426
2022-05-25,14052.000427246094,20251.84711869498,18124.166271906714
2022-05-26,14377.999877929688,20157.224415058186,18059.952428703655
2022-05-27,14963.999938964844,20055.082651541918,17957.748608002286
2022-05-31,14883.999633789062,20087.8158460732,17968.18269486545
2022-06-01,14871.000671386719,20015.21683533017,17905.61230752298
2022-06-02,15121.000671386719,19864.952646674414,17822.20304376937
2022-06-03,14538.00048828125,20110.64092071211,17849.020606433358
2022-06-06,14613.999938964844,20008.45842006527,17746.60387654067
2022-06-07,14871.000671386719,19905.6149595049,17654.268886242062
2022-06-08,14796.000671386719,19872.989745355084,17615.7807333418
2022-06-09,14263.999938964844,20083.715326426445,17746.20446756142
2022-06-10,13713.00048828125,20225.84020456901,17967.714603648205
2022-06-13,13188.00048828125,20413.19079257376,18154.7440819234
2022-06-14,13275.999450683594,20335.029905590614,18057.910822711492
2022-06-15,13542.999267578125,20236.004650791205,17918.821337920046
2022-06-16,13005.999755859375,20370.12117084384,18093.697583314748
2022-06-17,13155.999755859375,20278.48917840967,17956.26501898018
2022-06-21,13586.99951171875,20201.04788239599,17878.39104912186
2022-06-22,13535.000610351562,20216.06819397139,17887.635035306783
2022-06-23,13827.000427246094,20195.89107047671,17890.049799940964
2022-06-24,14166.000366210938,20139.276545792647,17892.810767852425
2022-06-27,14166.000366210938,20194.566731883577,17934.43883685834
2022-06-28,13744.000244140625,20296.21277873019,18035.97404183825
2022-06-29,13922.999572753906,20293.141817212247,18004.09343340063
2022-06-30,13672.000122070312,20367.644608908762,18107.77311051311
2022-07-01,13892.999267578125,20288.88479374301,17977.072839729797
2022-07-05,14155.999755859375,20234.50106535937,17887.57295547439
2022-07-06,14291.999816894531,20173.68462255347,17826.634340628178
2022-07-07,14635.000610351562,20103.635112533397,17777.728823259094
2022-07-08,14703.999328613281,20027.624124868864,17731.0745512146
2022-07-11,14486.99951171875,20069.908887826525,17711.29501799986
2022-07-12,14586.000061035156,20110.49357535552,17751.73624574721
2022-07-13,14549.000549316406,20068.0209802015,17709.10919539896
2022-07-14,14847.000122070312,20074.32052915407,17712.54901673316
2022-07-15,15016.999816894531,19815.35497736405,17497.213466456615
2022-07-18,14707.000732421875,19951.168163186376,17545.56723532923
2022-07-19,15100.0,19791.02467639799,17422.26451336684
2022-07-20,15303.999328613281,19698.056584020153,17329.133522565877
2022-07-21,15535.000610351562,19650.14087561208,17314.003897356502
2022-07-22,15408.999633789062,19675.752549303492,17304.007263374246
2022-07-25,15294.999694824219,19723.503504841676,17323.120278895614
2022-07-26,15160.000610351562,19827.804114498325,17399.861062004136
2022-07-27,15678.999328613281,19683.60160175635,17255.496237506923
2022-07-28,15735.000610351562,19487.976628459306,17133.560143492756
2022-07-29,16250.999450683594,19117.19071101654,17085.28961967297
2022-08-01,16150.999450683594,19242.420677888134,17076.270567908407
2022-08-02,16000.999450683594,19397.107497734676,17049.417447983513
2022-08-03,16613.00048828125,19373.240926606915,17025.388784166444
2022-08-04,16580.999755859375,19295.0366776791,16951.232428682586
2022-08-05,16535.000610351562,19195.8387480832,16856.712391947924
2022-08-08,16486.99951171875,19148.085136125217,16808.479374112616
2022-08-09,16491.99981689453,19203.276169509514,16858.963640874736
2022-08-10,16924.000549316406,19316.562627487165,16972.07988916126
2022-08-11,16849.000549316406,19263.716050547857,16919.065017283923
2022-08-12,17210.000610351562,19527.38878100457,17182.568798305478
2022-08-15,17319.000244140625,19619.70981204067,17274.365558930553
2022-08-16,17302.999877929688,19602.911398321452,17257.393647575656
2022-08-17,17455.00030517578,19771.694027831385,17426.00405192529
2022-08-18,17414.999389648438,19730.256053470934,17384.391911651783
2022-08-19,17152.000427246094,19504.51776027301,17158.47751135763
2022-08-22,16757.000732421875,19233.08752506764,16886.50344599285
2022-08-23,16722.999572753906,19200.18879236273,16853.424694453843
2022-08-24,16752.999877929688,19173.83985865572,16826.8944421054
2022-08-25,17002.999877929688,19330.841880403725,16983.711272908993
2022-08-26,16361.99951171875,19022.571471200405,16675.25501504805
2022-08-29,16138.00048828125,18944.576311465276,16596.68678291407
2022-08-30,15891.000366210938,18843.845283217674,16495.764699444193
2022-08-31,15722.000122070312,18771.106779491925,16422.83576831141
2022-09-01,15796.000671386719,18746.376866934082,16397.91476948884
2022-09-02,15580.999755859375,18748.580936773174,16399.929667913013
2022-09-06,15452.999877929688,18735.72955148462,16395.40769167885
2022-09-07,15596.000671386719,18547.602077353327,16135.73557891543
2022-09-08,15446.000671386719,18448.090403292255,16036.021696063663
2022-09-09,15736.99951171875,18342.96802923104,15930.695774466089
2022-09-12,16342.999267578125,18747.48675125453,16334.585902024384
2022-09-13,15383.999633789062,19446.716880689997,17033.599191174966
2022-09-14,15530.999755859375,19363.4826619909,16845.09184780143
2022-09-15,15236.99951171875,19459.20902724011,16940.596032882786
2022-09-16,15069.999694824219,19579.246261622528,17087.902685838573
2022-09-19,15447.999572753906,19441.124881070366,16875.29499387143
2022-09-20,15689.999389648438,19506.215906259193,16935.203460346034
2022-09-21,15372.000122070312,19641.731548506847,17047.554595360238
2022-09-22,15274.000549316406,19596.926677691124,17002.515882713284
2022-09-23,15042.999267578125,19689.8615277363,17105.750884081564
2022-09-26,15077.000427246094,19841.29235551729,17267.889425629182
2022-09-27,15175.999450683594,19831.589669579313,17249.671579179172
2022-09-28,14983.999633789062,19810.029674530757,17236.319187748762
2022-09-29,14247.999572753906,20062.851812472927,17488.904392395667
2022-09-30,13819.999694824219,20093.22057519971,17594.20924394675
2022-10-03,14244.999694824219,19938.469126527907,17283.84231842527
2022-10-04,14610.000610351562,19858.36953856686,17113.89580391162
2022-10-05,14639.999389648438,19851.768820388297,17102.56814601777
2022-10-06,14542.999267578125,19906.845606275358,17157.384310392466
2022-10-07,14008.999633789062,20012.781773062106,17273.9210254298
2022-10-10,14041.999816894531,20020.564271770294,17277.3689170858
2022-10-11,13897.999572753906,20020.823569208304,17295.29705192464
2022-10-12,13833.999633789062,20034.537383769828,17320.818674305105
2022-10-13,14299.000549316406,19958.331262212112,17244.330757462412
2022-10-14,13838.00048828125,20002.252056560814,17250.24532717161
2022-10-17,14241.000366210938,19940.283590549763,17179.479133338482
2022-10-18,14375.0,19895.97300491745,17143.64401470845
2022-10-19,14386.000061035156,19883.547470975787,17132.588282905886
2022-10-20,14338.999938964844,19832.36627536274,17081.098811854736
2022-10-21,14727.000427246094,19787.14076147314,17025.417544044914
2022-10-24,14944.999694824219,19736.350764233215,16991.117634697624
2022-10-25,15233.999633789062,19655.89727984054,16952.7610026089
2022-10-26,14935.000610351562,19702.322645770306,16934.030330354588
2022-10-27,14480.000305175781,19863.089579531712,17094.484012222416
2022-10-28,15574.000549316406,19618.093236682118,16691.850342609167
2022-10-31,15333.999633789062,19623.64683523085,16646.699755030415
2022-11-01,15064.999389648438,19643.54625360108,16635.556209373935
2022-11-02,14502.999877929688,19733.223021447848,16726.452535540473
2022-11-03,13888.00048828125,19807.225008702353,16800.104398998712
2022-11-04,13838.00048828125,19810.576742691297,16811.605300213938
2022-11-07,13891.999816894531,19796.033495146894,16783.713497792014
2022-11-08,13950.0,19794.939935887793,16771.759757103184
2022-11-09,13486.99951171875,19833.509976185906,16892.260006025874
2022-11-10,14686.99951171875,19857.81536577524,16916.220483616045
2022-11-11,14969.999694824219,19856.971985601587,16975.262609407942
2022-11-14,14827.999877929688,19851.0176363648,16929.407572919605
2022-11-15,15003.999328613281,19848.18082253909,16926.225748604676
2022-11-16,14878.999328613281,19843.993437819794,16912.99749870714
2022-11-17,15072.000122070312,19752.995783842078,16821.652922762474
2022-11-18,15128.999328613281,19641.555166650982,16725.65325708986
2022-11-21,14800.999450683594,19639.682033209756,16679.488946683312
2022-11-22,15017.999267578125,19477.063151276758,16512.77742688166
2022-11-23,15107.000732421875,19421.537646718298,16473.998839212927
2022-11-25,14811.000061035156,19559.21831793377,16610.967169782427
2022-11-28,14422.000122070312,19737.019139521275,16895.015826052822
2022-11-29,14116.999816894531,19788.86409882704,17104.546994345477
2022-11-30,14802.999877929688,19642.246568200648,16425.166318764925
2022-12-01,14830.999755859375,19607.03645492112,16378.684383880964
2022-12-02,14780.999755859375,19508.032240059467,16279.296281868437
2022-12-05,14663.00048828125,19631.69636274091,16404.47354218611
2022-12-06,14291.000366210938,19821.669154564464,16650.151187013173
2022-12-07,14094.000244140625,19887.326070130668,16802.493232834033
2022-12-08,14264.999389648438,19801.659405155468,16600.09578987327
2022-12-09,14216.000366210938,19818.2584560566,16616.31677080436
2022-12-12,14449.000549316406,19843.386683449717,16635.482105489944
2022-12-13,14547.000122070312,19720.424779259734,16529.450873550202
2022-12-14,14321.000671386719,19693.949425689436,16476.63267454751
2022-12-15,13650.0,19997.170193643884,16752.496143435987
2022-12-16,13450.999450683594,19998.672898784447,16753.615687731293
2022-12-19,13236.99951171875,19959.038461114,16725.686726801712
2022-12-20,13230.000305175781,19935.190600328613,16698.4935974629
2022-12-21,13544.999694824219,19877.005298893095,16573.0022020564
2022-12-22,13222.999572753906,20003.68915551508,16732.118186885935
2022-12-23,13186.000061035156,19977.30807814446,16705.34808315437
2022-12-27,13002.999877929688,20020.526086640773,16751.474460376397
2022-12-28,12604.000091552734,20117.782627462853,16883.038863969094
2022-12-29,12961.000061035156,20045.833643819453,16743.48629952129
2022-12-30,12992.999267578125,20053.61031854386,16748.622171772397
2023-01-03,12506.999969482422,20142.928439106516,16836.29916212604
2023-01-04,12636.000061035156,20103.810945721318,16778.009301402046
2023-01-05,12501.99966430664,20103.713465545603,16790.67809194635
2023-01-06,12961.99951171875,20055.818701221848,16673.379182520155
2023-01-09,13014.999389648438,20026.042887677493,16638.60577641071
2023-01-10,13072.999572753906,20001.8816262742,16614.00551183601
2023-01-11,13349.000549316406,19992.561180926034,16606.0570510773
2023-01-12,13341.000366210938,19949.99825350567,16566.182281438163
2023-01-13,13475.999450683594,19899.316941242785,16528.179004159276
2023-01-17,13594.000244140625,19892.70549865081,16532.903058210188
2023-01-18,13521.000671386719,19893.740090235122,16533.505910456068
2023-01-19,13527.000427246094,19916.828096608224,16556.69554362343
2023-01-20,13786.99951171875,19742.398406474127,16367.616927289737
2023-01-23,14111.000061035156,19605.295294491607,16277.889035461722
2023-01-24,14252.999877929688,19555.9851628563,16280.338318159484
2023-01-25,14186.000061035156,19635.40980026923,16359.339337686833
2023-01-26,14396.000671386719,19507.234255118947,16209.985358192433
2023-01-27,14592.999267578125,19575.45028381428,16291.500689885906
2023-01-30,14300.0,20152.94754239074,16697.22920122121
2023-01-31,14428.999328613281,19774.28163745021,16278.829289722209
2023-02-01,14542.999267578125,19643.08156379752,16147.182918869772
2023-02-02,15082.000732421875,20052.908841164463,16571.591210487855
2023-02-03,15450.0,19549.208710353436,16314.25747145121
2023-02-06,15172.999572753906,19481.452803256703,16142.946035729447
2023-02-07,15464.999389648438,19410.87529924875,16250.836355602954
2023-02-08,15191.999816894531,19475.855409378597,16315.407798657523
2023-02-09,15086.99951171875,19587.82755661969,16426.966896029968
2023-02-10,15100.999450683594,19522.97919892532,16357.70139774907
2023-02-13,15385.000610351562,19533.02467356469,16366.176755339005
2023-02-14,15319.999694824219,19291.971394486187,16124.706986683497
2023-02-15,15533.000183105469,19292.806904743225,16125.126820446378
2023-02-16,15371.000671386719,19295.47242973673,16127.372274531466
2023-02-17,15255.000305175781,19173.04272555674,16004.522443736818
2023-02-21,14847.999572753906,19276.948604951504,16106.740311068585
2023-02-22,14891.000366210938,19221.52734117472,16041.990124939712
2023-02-23,14939.999389648438,19020.11107618492,15840.15221664907
2023-02-24,14671.000671386719,19046.185393345244,15862.824161725419
2023-02-27,14791.999816894531,18942.186239372906,15733.60785544945
2023-02-28,14741.000366210938,18846.51756473981,15637.967575184248
2023-03-01,14530.999755859375,18889.71635903318,15678.180271185896
2023-03-02,14591.000366210938,18791.889712207692,15579.921577707199
2023-03-03,15102.999877929688,18784.542442472306,15639.067597663245
2023-03-06,15383.000183105469,18975.974982548338,15840.818223396911
2023-03-07,15160.000610351562,18818.67901389758,15674.695520937632
2023-03-08,15286.99951171875,18878.975191803733,15743.207385428268
2023-03-09,15058.999633789062,18829.63757842633,15693.435889230286
2023-03-10,14850.0,18923.101913963947,15786.46971931984
2023-03-13,15047.000122070312,18890.717849537024,15752.829891355812
2023-03-14,15258.999633789062,18904.21194708564,15765.904429536264
2023-03-15,15299.000549316406,18962.9739858052,15824.258031797635
2023-03-16,15585.000610351562,19108.235138624892,15969.111555036965
2023-03-17,15500.0,19061.8626661976,15922.350323234992
2023-03-20,15739.999389648438,19240.9752574684,16100.22148657644
2023-03-21,15927.999877929688,19045.624531244364,15904.459423746981
2023-03-22,15783.000183105469,19182.43502865417,16005.249232601725
2023-03-23,15892.999267578125,19182.417845343596,16004.82029415156
2023-03-24,16025.0,19115.38953236878,15948.18394479736
2023-03-27,15827.999877929688,19102.478391863737,15909.863474122369
2023-03-28,15764.999389648438,18997.08208149543,15805.676350552443
2023-03-29,16077.000427246094,18894.40000873221,15711.828724689532
2023-03-30,16236.000061035156,18999.46526300266,15816.460596598
2023-03-31,16489.999389648438,18967.001147120558,15803.618278132271
2023-04-03,16616.99981689453,19054.19968777947,15898.868714223812
2023-04-04,16563.00048828125,19172.984521658538,15970.844325462309
2023-04-05,16375.999450683594,19289.552674601284,16023.075706472311
2023-04-06,16466.000366210938,19175.45478508481,15908.538379128191
2023-04-10,16202.999877929688,19307.027307100187,16003.184542784924
2023-04-11,16080.000305175781,19273.21308849979,15977.877502190258
2023-04-12,16010.000610351562,19229.788405947413,15938.520628267928
2023-04-13,16555.999755859375,19173.197893134333,15754.916781003716
2023-04-14,16521.00067138672,19049.242578229594,15630.480063301919
2023-04-17,16522.999572753906,18976.280798883035,15557.960755177395
2023-04-18,16647.000122070312,18887.842491066964,15481.048605599923
2023-04-19,16763.00048828125,18889.929684096543,15504.189440922048
2023-04-20,16664.999389648438,18972.3498985512,15538.177785559776
2023-04-21,16502.000427246094,18972.87738143908,15538.221627691812
2023-04-24,16533.00018310547,18897.732815881434,15446.94058997703
2023-04-25,16377.000427246094,19145.69619192184,15722.218866978426
2023-04-26,16375.999450683594,19083.257696866254,15639.222224164816
2023-04-27,16841.000366210938,19006.839080187394,15403.580435108961
2023-04-28,16967.999267578125,18904.781733327618,15301.019584057522
2023-05-01,16958.999633789062,18959.50240643816,15347.785188849539
2023-05-02,16853.99932861328,19000.566867565536,15373.508454163017
2023-05-03,16744.99969482422,19134.538008364652,15500.490338054366
2023-05-04,16578.99932861328,19297.696401174377,15712.643980251323
2023-05-05,17357.000732421875,19109.414097007546,15523.844998425215
2023-05-08,17350.0,19070.519016020753,15495.282948399754
2023-05-09,17177.000427246094,18945.401556726836,15352.29401523796
2023-05-10,17355.999755859375,19042.20578071694,15478.619691506961
2023-05-11,17375.0,19062.144992509366,15497.796623267224
2023-05-12,17257.000732421875,18966.689972806795,15401.828886447154
2023-05-15,17207.000732421875,18899.6329926552,15333.245037517265
2023-05-16,17207.000732421875,18903.90606385523,15337.007052679352
2023-05-17,17269.000244140625,18930.992756275555,15363.579683709324
2023-05-18,17505.00030517578,19132.914812789837,15564.982717171879
2023-05-19,17516.000366210938,19139.867628761836,15571.418389894656
2023-05-22,17419.99969482422,19044.02567530713,15473.992280045777
2023-05-23,17155.999755859375,19304.475491805486,15733.919757559428
2023-05-24,17183.999633789062,19382.16663750219,15822.074011673654
2023-05-25,17299.000549316406,19403.79906382576,15822.533376661162
2023-05-26,17542.999267578125,19297.06089154187,15715.271221972658
2023-05-30,17730.00030517578,19311.056407653337,15753.557278167624
2023-05-31,17725.0,19343.52183855816,15776.467218128975
2023-06-01,18008.999633789062,19253.480318791775,15772.680914599989
2023-06-02,18094.99969482422,19166.847137833767,15752.686320746963
2023-06-05,17958.00018310547,19141.073733629208,15725.380409570425
2023-06-06,17921.00067138672,18877.423298945403,15439.584831575767
2023-06-07,17782.000732421875,18966.738470949655,15528.554935349395
2023-06-08,18057.000732421875,18841.153507856172,15339.015963857177
2023-06-09,18096.00067138672,18742.737931713684,15262.81219509674
2023-06-12,18378.99932861328,18747.11539198118,15265.64479757367
2023-06-13,18330.999755859375,18724.020413819708,15236.79237879795
2023-06-14,18394.99969482422,18603.50651408924,15154.730915262375
2023-06-15,18600.999450683594,18679.05608043683,15257.322363114003
2023-06-16,18491.99981689453,18590.352139732408,15163.835605044438
2023-06-20,18500.999450683594,18642.44537622398,15213.904251963
2023-06-21,18396.00067138672,18553.381902313635,15124.333504308099
2023-06-22,18700.0,18626.857683495917,15197.301936691554
2023-06-23,18667.999267578125,18614.076888678548,15184.01277826652
2023-06-26,18527.000427246094,18609.408857743456,15177.793819879116
2023-06-27,18805.999755859375,18658.009491352972,15225.882963707165
2023-06-28,18925.0,18722.95411354422,15290.316019878266
2023-06-29,18958.999633789062,18809.036585926,15375.8849688114
2023-06-30,19397.000122070312,19141.18710888591,15707.524713688872
2023-07-03,19246.00067138672,19081.64585565821,15646.447846763538
2023-07-05,19133.00018310547,19060.81089544835,15624.58876257301
2023-07-06,19180.999755859375,19109.714031420084,15672.97783892301
2023-07-07,19067.999267578125,18999.771796545356,15562.52146752311
2023-07-10,18861.000061035156,18922.757950488474,15483.959097539644
2023-07-11,18808.00018310547,18870.103145564237,15430.78702068175
2023-07-12,18977.000427246094,18844.007984695887,15404.176394910262
2023-07-13,19053.99932861328,18887.874533413855,15447.527401470186
2023-07-14,19069.000244140625,18885.957554530385,15445.092917757414
2023-07-17,19399.000549316406,19112.07801085575,15669.660392482521
2023-07-18,19372.999572753906,19085.14790938997,15642.212474740172
2023-07-19,19510.000610351562,19214.989131272097,15771.535802454624
2023-07-20,19313.00048828125,19050.609884708927,15606.638583820964
2023-07-21,19194.000244140625,18917.44334361573,15472.953049046902
2023-07-24,19275.0,18957.542355932117,15511.491778641848
2023-07-25,19361.99951171875,18968.704285624004,15522.133457047787
2023-07-26,19450.0,18930.63818984281,15483.547031438153
2023-07-27,19322.000122070312,19043.46325902104,15583.448733045272
2023-07-28,19583.00018310547,18923.535690762114,15450.127407072607
2023-07-31,19644.99969482422,18968.90609299313,15495.954865108146
2023-08-01,19561.000061035156,18942.20859601385,15460.551206561704
2023-08-02,19258.00018310547,19195.60850145432,15713.423577099134
2023-08-03,19116.99981689453,19177.78711791308,15721.499024936074
2023-08-04,18199.000549316406,19046.7980521208,15820.755525791126
2023-08-07,17885.000610351562,19025.79210721439,16060.8478482914
2023-08-08,17980.00030517578,19000.470864062398,15894.981389939763
2023-08-09,17819.000244140625,19052.606018173658,15946.644303584846
2023-08-10,17797.000122070312,18982.166036749957,15872.701834881354
2023-08-11,17778.99932861328,18917.048560974923,15803.287464868745
2023-08-14,17946.00067138672,18877.656860810897,15742.056574211503
2023-08-15,17744.99969482422,18964.23716337709,15837.8658165705
2023-08-16,17657.000732421875,18964.123926730474,15837.276307356973
2023-08-17,17400.0,19030.289537245037,15914.485033584535
2023-08-18,17449.000549316406,19011.951997023112,15887.443891953795
2023-08-21,17583.999633789062,18951.552622663854,15803.926440816602
2023-08-22,17722.999572753906,18945.930390432673,15786.404192198013
2023-08-23,18111.99951171875,18997.28780410361,15837.279416724106
2023-08-24,17638.00048828125,19069.2359206067,15824.97856243272
2023-08-25,17861.000061035156,18972.64699906907,15718.570265210123
2023-08-28,18019.000244140625,18936.433455420665,15689.011455589749
2023-08-29,18411.99951171875,18940.125592524626,15731.481710662458
2023-08-30,18764.999389648438,18957.99983616936,15748.86714831187
2023-08-31,18786.99951171875,18981.93244862314,15771.91818319714
2023-09-01,18946.00067138672,18875.83071327784,15721.84363439785
2023-09-05,18969.99969482422,18883.457055776023,15732.849257303193
2023-09-06,18291.000366210938,19344.797459436613,15814.784983783613
2023-09-07,17755.999755859375,19535.203831274146,16004.65649403634
2023-09-08,17817.999267578125,19433.822152488607,15857.665310749444
2023-09-11,17936.000061035156,19393.433975529682,15773.062819406463
2023-09-12,17630.00030517578,19400.79525138725,15847.305536524806
2023-09-13,17421.00067138672,19382.647201605545,15905.193585782199
2023-09-14,17574.000549316406,19340.364972975938,15862.38255345503
2023-09-15,17500.999450683594,19354.737947187892,15872.990113776035
2023-09-18,17797.000122070312,19343.29971394942,15863.50575904837
2023-09-19,17907.000732421875,19344.88698403821,15877.408966255785
2023-09-20,17549.000549316406,19410.060515650537,15872.252075080609
2023-09-21,17392.999267578125,19434.35588303316,15896.007522006952
2023-09-22,17478.99932861328,19430.975341948957,15887.22750805987
2023-09-25,17608.00018310547,19424.752145800776,15875.834010169916
2023-09-26,17196.00067138672,19691.992209609263,16142.531485567994
2023-09-27,17042.999267578125,19642.411868547133,16118.665846665612
2023-09-28,17069.000244140625,19614.168007581924,16089.885176928563
2023-09-29,17121.00067138672,19602.4476592633,16078.422617766766
2023-10-02,17375.0,19699.955868251374,16179.852488141461
2023-10-03,17239.999389648438,19918.908297261034,16351.885662120341
2023-10-04,17366.000366210938,19815.88841206073,16261.573726065024
2023-10-05,17491.000366210938,19783.383107198275,16228.522085919838
2023-10-06,17749.000549316406,19662.67941579334,16129.473069559357
2023-10-09,17899.000549316406,19579.282520459707,16089.147408741315
2023-10-10,17838.999938964844,19549.96446776245,16051.14416941128
2023-10-11,17980.00030517578,19468.020560115503,16023.878992050242
2023-10-12,18071.00067138672,19472.14190860527,16027.469052524513
2023-10-13,17885.000610351562,19701.521547793396,16234.264677422061
2023-10-16,17872.000122070312,19659.98371710301,16187.832362515937
2023-10-17,17714.999389648438,19622.934343070116,16163.670070581647
2023-10-18,17583.999633789062,19730.743255196627,16319.159913235952
2023-10-19,17546.00067138672,19789.85007667698,16377.743273555514
2023-10-20,17288.00048828125,19809.895299958527,16405.58188502317
2023-10-23,17300.0,19707.954960442712,16282.925219256422
2023-10-24,17344.000244140625,19614.34046088688,16168.259831187603
2023-10-25,17110.000610351562,19702.718880178116,16291.482096907195
2023-10-26,16688.999938964844,19868.812697481062,16457.05344095277
2023-10-27,16822.000122070312,19800.79611177909,16346.797816920547
2023-10-30,17028.99932861328,19727.270868052525,16231.368931951434
2023-10-31,17077.000427246094,19632.60403520882,16130.54738143759
2023-11-01,17397.000122070312,19512.11029475055,16006.24261154138
2023-11-02,17757.000732421875,19532.963596955142,16026.56374988237
2023-11-03,17664.999389648438,19032.632511345804,15613.264907708693
2023-11-06,17922.999572753906,18980.37635666345,15656.80599743384
2023-11-07,18182.000732421875,18954.421711817045,15773.509160335272
2023-11-08,18288.999938964844,18927.564086143644,15833.967022301484
2023-11-09,18241.000366210938,19247.752732489087,16153.686084305848
2023-11-10,18639.999389648438,19092.737741360652,15878.73444847839
2023-11-13,18480.00030517578,19059.11840085002,15843.64865969159
2023-11-14,18744.000244140625,19074.976763055933,15859.020700385592
2023-11-15,18800.999450683594,19165.98166969446,15949.538330741612
2023-11-16,18971.00067138672,19265.1579393065,16048.229012941125
2023-11-17,18969.000244140625,19244.703583437145,16027.289877833293
2023-11-20,19144.99969482422,19353.21112214731,16134.332057858697
2023-11-21,19063.999938964844,19275.386637046075,16056.019853586638
2023-11-22,19130.999755859375,19329.374379210625,16109.51892052992
2023-11-24,18997.000122070312,19205.18536216412,15984.352330498139
2023-11-27,18978.99932861328,19177.47274176244,15955.186036394152
2023-11-28,19039.999389648438,19137.26181241891,15914.4921692676
2023-11-29,18936.99951171875,19180.094341160147,15947.879304920045
2023-11-30,18994.99969482422,19120.852424337787,15884.308377657959
2023-12-01,19124.000549316406,19086.816511726192,15849.790937882328
2023-12-04,18942.999267578125,19186.337266450686,15914.842423813592
2023-12-05,19341.99981689453,19231.48452532586,15938.614004882349
2023-12-06,19232.000732421875,19188.92128058349,15879.10951090666
2023-12-07,19427.000427246094,19185.787401672012,15912.18718733823
2023-12-08,19571.00067138672,19087.12451007902,15813.036358421334
2023-12-11,19317.999267578125,19235.618727990313,15880.515667816555
2023-12-12,19471.00067138672,19097.45579989808,15715.441166720275
2023-12-13,19796.00067138672,19147.937785356487,15809.757008420753
2023-12-14,19811.000061035156,19209.01791308917,15855.548517722644
2023-12-15,19757.000732421875,19149.497239137392,15795.52800176957
2023-12-18,19588.999938964844,19128.4365329615,15772.961806685737
2023-12-19,19694.000244140625,19128.492330710927,15764.098634057602
2023-12-20,19483.00018310547,19254.30083861034,15889.405671664546
2023-12-21,19467.999267578125,19252.453415223805,15890.873124965
2023-12-22,19360.000610351562,19284.968880981323,15922.887539774474
2023-12-26,19305.00030517578,19297.462110248325,15942.465846780102
2023-12-27,19314.999389648438,19293.128604605175,15934.611228288322
2023-12-28,19358.00018310547,19296.78470602802,15930.003776929767
2023-12-29,19252.999877929688,19319.989417127566,15972.002533113186
2024-01-02,18563.999938964844,20187.189049547866,16837.198277483563
2024-01-03,18425.0,20201.128006088362,16997.325959309193
2024-01-04,18191.000366210938,20242.333941647405,17350.478631028625
2024-01-05,18117.999267578125,20178.850180680976,17299.866850345443
2024-01-08,18555.999755859375,20177.870384894333,16621.708824494835
2024-01-09,18513.999938964844,20187.96512014254,16631.270582718626
2024-01-10,18619.000244140625,20143.92224771649,16581.997066554744
2024-01-11,18558.999633789062,20175.39613008885,16608.502130082637
2024-01-12,18591.99981689453,20104.09111338835,16536.728165979024
2024-01-16,18363.00048828125,20143.898106641565,16564.031982672146
2024-01-17,18267.999267578125,20169.00115867505,16588.598504977675
2024-01-18,18863.00048828125,20197.64197095641,16579.006734726092
2024-01-19,19155.999755859375,20146.108665856627,16637.885110967945
2024-01-22,19388.999938964844,20105.619142500545,16734.091318614606
2024-01-23,19517.999267578125,20022.547625383897,16784.3638513399
2024-01-24,19450.0,20052.104057545217,16813.437625075767
2024-01-25,19416.99981689453,20057.590155568614,16822.702050617318
2024-01-26,19241.99981689453,20061.604827567186,16855.134030868496
2024-01-29,19172.999572753906,20043.35093988385,16856.259026043594
2024-01-30,18803.99932861328,20404.504973913485,17216.93976361365
2024-01-31,18439.999389648438,20257.204104333476,17069.16552728756
2024-02-01,18686.000061035156,20381.679802262744,17175.505404881227
2024-02-02,18585.000610351562,19795.11395367925,16565.820522688835
2024-02-05,18767.999267578125,19771.524545491822,16534.093967566343
2024-02-06,18930.00030517578,19666.418012536986,16446.556149168682
2024-02-07,18941.000366210938,19592.14202637557,16371.801117788265
2024-02-08,18832.000732421875,19606.933876123232,16383.000858839603
2024-02-09,18885.000610351562,19547.945735960755,16317.858254649276
2024-02-12,18714.999389648438,19669.095840389222,16437.548579973623
2024-02-13,18503.99932861328,19735.404667927596,16543.690993866134
2024-02-14,18414.999389648438,19759.64125461346,16567.452723169637
2024-02-15,18386.000061035156,19766.71351309701,16575.95686396127
2024-02-16,18230.999755859375,19824.650548802096,16648.56814023687
2024-02-20,18155.999755859375,19809.39757231075,16640.957615539293
2024-02-21,18232.000732421875,19782.699815290256,16592.15428591606
2024-02-22,18436.99951171875,19664.04795998803,16473.025998521225
2024-02-23,18252.000427246094,19680.593529778307,16466.400212337154
2024-02-26,18116.000366210938,19630.07780484501,16413.319803679206
2024-02-27,18263.00048828125,19655.96507624658,16430.833628124463
2024-02-28,18141.99981689453,19661.84912136795,16434.280490306126
2024-02-29,18075.0,19630.548842242115,16402.49825056798
2024-03-01,17966.000366210938,19651.267712942303,16427.680628029997
2024-03-04,17510.000610351562,19775.404751607584,16608.208706674486
2024-03-05,17011.99951171875,19861.60230940362,16890.48206582887
2024-03-06,16911.99951171875,19862.4461117445,16947.302378094664
2024-03-07,16900.0,19846.15226109668,16930.571622484422
2024-03-08,17072.999572753906,19834.099765322615,16915.651672653665
2024-03-11,17275.0,19814.700204669105,16900.819164990015
2024-03-12,17322.999572753906,19769.786063812084,16862.302000060503
2024-03-13,17113.00048828125,19777.261702841803,16853.977818857536
2024-03-14,17300.0,19780.82891937901,16857.106109413617
2024-03-15,17261.99951171875,19758.663948214024,16833.60133911577
2024-03-18,17372.000122070312,19775.51482884106,16852.27449471411
2024-03-19,17608.00018310547,19745.902511381628,16841.242624930706
2024-03-20,17866.99981689453,19715.23380381827,16851.960171708157
2024-03-21,17136.99951171875,19951.78915589971,17088.08560824321
2024-03-22,17227.999877929688,19919.58354101009,17015.16368131117
2024-03-25,17085.000610351562,19916.217267698055,17053.967837096043
2024-03-26,16971.00067138672,19908.635909802408,17087.783165495825
2024-03-27,17330.999755859375,19907.02366221681,16920.372431767257
2024-03-28,17147.999572753906,19918.028355476927,16930.93032131609
2024-04-01,17002.999877929688,19970.227074815135,16994.21122803507
2024-04-02,16883.999633789062,20036.209771022004,17059.751973459846
2024-04-03,16964.999389648438,20038.43417524535,17055.577200360975
2024-04-04,16882.000732421875,20142.004827852026,17164.8514372436
2024-04-05,16958.00018310547,20042.24036797436,17064.644041874122
2024-04-08,16844.99969482422,19998.184393912583,17015.73524425783
2024-04-09,16966.99981689453,19917.228031973293,16934.55490927086
2024-04-10,16777.999877929688,19985.7015455556,16982.675899136837
2024-04-11,17503.99932861328,20076.19886409158,17053.690779421413
2024-04-12,17655.00030517578,20262.35959348545,17239.400169118526
2024-04-15,17269.000244140625,20409.792008792145,17367.334208609576
2024-04-16,16938.00048828125,20497.73453761429,17548.384257009253
2024-04-17,16800.0,20505.728663042682,17622.580548635517
2024-04-18,16703.99932861328,20472.404207776468,17623.473657432376
2024-04-19,16500.0,20493.574187684077,17644.218217319703
2024-04-22,16583.999633789062,20320.995967981205,17445.052135411577
2024-04-23,16689.999389648438,20269.112974001553,17385.963545896226
2024-04-24,16902.000427246094,20279.80970937594,17399.82451474918
2024-04-25,16988.999938964844,20311.462935323565,17437.88684296063
2024-04-26,16930.00030517578,20237.309487291997,17363.303507284454
2024-04-29,17350.0,20275.283682184625,17392.529939232194
2024-04-30,17033.00018310547,20353.307599360116,17388.30950814285
2024-05-01,16930.00030517578,20364.858489473205,17395.961393096615
2024-05-02,17302.999877929688,20302.949095711592,17320.31520604798
2024-05-03,18338.00048828125,20194.366693898035,17211.287418800348
2024-05-06,18171.00067138672,20115.449368813515,17081.022228680842
2024-05-07,18239.999389648438,20107.508761954185,17116.89582750437
2024-05-08,18274.000549316406,20099.525088967937,17132.690732112747
2024-05-09,18457.000732421875,20202.424996335783,17281.21606037331
2024-05-10,18305.00030517578,20118.998840266664,17197.352090324162
2024-05-13,18627.999877929688,20397.37883211249,17474.423051351096
2024-05-14,18742.999267578125,20461.635568543363,17538.244114783385
2024-05-15,18972.000122070312,20639.649146487733,17715.821153742487
2024-05-16,18983.999633789062,20639.712481841772,17715.44788492455
2024-05-17,18986.99951171875,20633.411199494076,17708.709131920295
2024-05-20,19103.99932861328,20735.308946069512,17809.29647875538
2024-05-21,19235.000610351562,20859.515671364927,17933.06627367949
2024-05-22,19089.999389648438,20720.731365297113,17793.84497199522
2024-05-23,18688.00048828125,20359.844368188213,17432.52011200842
2024-05-24,18997.999572753906,20632.45432997546,17704.69214541338
2024-05-28,18999.000549316406,20637.119268054594,17707.60471472349
2024-05-29,19028.99932861328,20671.802379290697,17741.849569908347
2024-05-30,19128.99932861328,20769.231358790523,17838.840227793728
2024-05-31,19225.0,20850.806816683034,17919.977298498776
2024-06-03,19402.999877929688,21024.651414102304,18092.491880890295
2024-06-04,19435.000610351562,21064.704281826682,18132.10127616052
2024-06-05,19586.99951171875,20976.736566963697,18045.511545165995
2024-06-06,19447.999572753906,20991.21255421576,18042.271343839344
2024-06-07,19688.999938964844,20926.99593074461,17988.06063353614
2024-06-10,19311.99951171875,20761.046056238978,17820.777065587536
2024-06-11,20714.999389648438,21439.9729469572,18348.814680299125
2024-06-12,21307.000732421875,21837.960793312854,18839.03580167258
2024-06-13,21424.000549316406,21587.241319962846,18785.602075083018
2024-06-14,21249.000549316406,21353.602856059104,18583.079450982666
2024-06-17,21666.99981689453,21656.330980754574,18884.550307815705
2024-06-18,21428.99932861328,21574.911985411163,18802.713615421904
2024-06-20,20967.999267578125,21306.391723603374,18533.35777066767
2024-06-21,20749.000549316406,21057.606602387757,18284.15552338674
2024-06-24,20813.999938964844,21013.782012387266,18239.076898103638
2024-06-25,20907.000732421875,20953.22386620655,18178.10137447773
2024-06-26,21325.0,21134.03817626851,18358.49748388962
2024-06-27,21410.000610351562,21224.806755834026,18448.848560320384
2024-06-28,21061.99951171875,21180.170970944513,18403.795970145133
2024-07-01,21675.0,21563.40590059549,18785.78239138496
2024-07-02,22027.000427246094,21796.131140056154,19018.091336622838
2024-07-03,22155.00030517578,21894.03577386323,19115.57961381535
2024-07-05,22633.999633789062,22262.821646721357,19483.53410912929
2024-07-08,22782.000732421875,22348.889961461235,19568.35489109122
2024-07-09,22867.999267578125,22406.085126633734,19625.134087577408
2024-07-10,23297.999572753906,22798.442597075995,20017.075527104345
2024-07-11,22757.000732421875,22338.23809397003,19556.456455109063
2024-07-12,23053.99932861328,22565.01238653279,19782.81687923555
2024-07-15,23439.999389648438,22918.36510786721,20134.927625776923
2024-07-16,23482.000732421875,22935.858712569378,20152.007115689463
2024-07-17,22888.00048828125,22411.079623359263,19626.813850078466
2024-07-18,22417.999267578125,22018.39959173332,19233.71958043123
2024-07-19,22430.999755859375,22013.948374608597,19228.85406365563
2024-07-22,22396.00067138672,21928.001910966133,19141.664331191336
2024-07-23,22500.999450683594,22004.22039979631,19217.46980074765
2024-07-24,21853.99932861328,21577.157105960614,18789.994190022553
2024-07-25,21749.000549316406,21539.15835584383,18751.583825730704
2024-07-26,21796.00067138672,21474.119017469162,18686.133576224645
2024-07-29,21824.000549316406,21463.938871473114,18674.71345583523
2024-07-30,21880.00030517578,21491.621811837624,18701.98371314601
2024-07-31,22208.00018310547,21728.343723772894,18938.292116570956
2024-08-01,21836.000061035156,21477.947360575134,18687.485241610793
2024-08-02,21986.000061035156,21518.627551182708,18727.76097703022
2024-08-05,20927.000427246094,21775.20355818937,18983.10949750612
2024-08-06,20722.999572753906,20833.874056143817,18041.37147839213
2024-08-07,20982.000732421875,20823.016127531446,18030.10497294034
2024-08-08,21330.999755859375,20358.784148478535,17630.050680730634
2024-08-09,21624.000549316406,20073.642183958164,17483.258046877127
2024-08-12,21752.999877929688,20006.936917705785,17488.271468778603
2024-08-13,22127.000427246094,19859.13800554063,17559.451897506584
2024-08-14,22172.000122070312,19691.264670444103,17391.243350855653
2024-08-15,22472.000122070312,19462.965685360796,17206.710230983168
2024-08-16,22605.00030517578,19475.940568041875,17260.09317627456
2024-08-19,22588.999938964844,19367.145074268552,17181.794679134877
2024-08-20,22650.999450683594,19455.598825364046,17260.66705680216
2024-08-21,22639.999389648438,19438.179232995957,17242.93113092613
2024-08-22,22452.999877929688,19619.0129728056,17423.447288588497
2024-08-23,22683.999633789062,19430.604940878075,17193.949185733294
2024-08-26,22717.999267578125,19527.571174164415,17289.951917621052
2024-08-27,22802.999877929688,19459.482822050762,17221.542919283245
2024-08-28,22649.000549316406,19588.953332302128,17350.693963806345
2024-08-29,22978.99932861328,19682.734180616215,17444.154687479087
2024-08-30,22900.0,19461.576902898025,17222.677852731158
2024-09-03,22277.000427246094,19910.58267751256,17670.409852967445
2024-09-04,22085.000610351562,19984.896451668144,17834.214784686774
2024-09-05,22238.00048828125,19890.8505893082,17739.86544857309
2024-09-06,22082.000732421875,20184.44457281023,17977.126897300655
2024-09-09,22091.000366210938,19910.07312251358,17687.18455596358
2024-09-10,22011.000061035156,19752.392595371643,17533.16884105176
2024-09-11,22266.000366210938,19520.966104945168,17330.297405832414
2024-09-12,22277.000427246094,19397.40412950079,17206.431716634732
2024-09-13,22250.0,19258.89642048061,17072.22715246857
2024-09-16,21632.000732421875,19537.546865430326,17312.80343469141
2024-09-17,21678.99932861328,19469.00658203585,17183.634600753307
2024-09-18,22069.000244140625,19525.506206147627,17098.360347160393
2024-09-19,22886.99951171875,19616.09834537233,17188.633279091842
2024-09-20,22819.99969482422,19533.613241914383,17107.0878522854
2024-09-23,22647.000122070312,19300.150848063106,16877.618711908475
2024-09-24,22736.99951171875,19344.66040975511,16925.57385140554
2024-09-25,22636.99951171875,19274.70048894049,16852.762124798206
2024-09-26,22752.000427246094,19378.12186591118,16955.872942913105
2024-09-27,22778.99932861328,19445.12682692927,17022.56730525325
2024-09-30,23300.0,19838.31249752459,17414.810981255934
2024-10-01,22621.00067138672,19509.978135309753,17086.16386757109
2024-10-02,22677.999877929688,19506.8848780108,17082.759146730157
2024-10-03,22566.99981689453,19457.481933043888,17033.04536242706
2024-10-04,22680.00030517578,19413.353464916756,16988.60269353149
2024-10-07,22169.000244140625,19344.921151179282,16919.219558253688
2024-10-08,22577.000427246094,19194.322319109546,16768.305032147695
2024-10-09,22953.99932861328,19088.876834708954,16735.104654703762
2024-10-10,22903.99932861328,19054.758648809,16700.680136053685
2024-10-11,22755.00030517578,18967.17475382579,16613.707143532236
2024-10-14,23130.00030517578,18825.076147449043,16438.681721387962
2024-10-15,23385.000610351562,18954.81025392981,16584.424700700372
2024-10-16,23177.999877929688,18843.217375448505,16453.068947678756
2024-10-17,23214.999389648438,18754.487370677773,16364.028530874923
2024-10-18,23500.0,18649.723156399596,16273.911366173297
2024-10-21,23647.999572753906,18511.558529566697,16190.762760871645
2024-10-22,23586.000061035156,18518.003978863708,16176.683606614104
2024-10-23,23075.999450683594,18950.965776951114,16358.467425020974
2024-10-24,23057.000732421875,18943.965458883686,16351.133256904646
2024-10-25,23141.000366210938,19000.09169831932,16406.694322049174
2024-10-28,23339.999389648438,18793.634435873668,16206.085953093454
2024-10-29,23366.99981689453,18745.79423802472,16169.88152439824
2024-10-30,23010.000610351562,19138.88913145166,16424.338895819947
2024-10-31,22591.000366210938,19390.4491623743,16675.55382225714
2024-11-01,22291.000366210938,18690.495168274905,15878.925406320397
2024-11-04,22200.999450683594,18621.398080800176,15814.283516548736
2024-11-05,22344.99969482422,18481.425194248106,15591.694391251196
2024-11-06,22272.000122070312,18183.173732149608,15258.561944174895
2024-11-07,22747.999572753906,18091.688739782905,15166.705943275454
2024-11-08,22696.00067138672,17996.84410818151,15086.017750505613
2024-11-11,22422.999572753906,18116.14272572778,15067.810120907532
2024-11-12,22422.999572753906,18057.56268079825,15018.199422387032
2024-11-13,22511.99951171875,17990.041870428216,14978.474369666465
2024-11-14,22822.000122070312,17975.017702455356,14963.069812571495
2024-11-15,22500.0,18266.777343724527,15094.74284547937
2024-11-18,22802.000427246094,18211.28369330169,15014.794147973227
2024-11-19,22827.999877929688,18186.31308713661,14999.95648635742
2024-11-20,22900.0,18175.475419784216,15008.224091798917
2024-11-21,22852.000427246094,18154.36760005084,14986.714482921136
2024-11-22,22986.99951171875,17997.5046241823,14819.937520059922
2024-11-25,23286.99951171875,17857.673516959734,14757.316183528766
2024-11-26,23505.999755859375,17900.897090415066,14831.49983498481
2024-11-27,23492.999267578125,17881.271436712414,14812.547132381835
2024-11-29,23733.00018310547,18048.07344183498,14978.578917173185
2024-12-02,23958.999633789062,18205.744384394588,15135.111833453597
2024-12-03,24264.999389648438,18481.222920348857,15410.212616306711
2024-12-04,24300.999450683594,18516.414863415943,15445.028442752906
2024-12-05,24303.99932861328,18516.746879259896,15444.985137490414
2024-12-06,24283.999633789062,18491.974456556705,15419.840714540578
2024-12-09,24675.0,18875.5674709183,15802.317457837842
2024-12-10,24777.000427246094,18939.92484275639,15866.303491282992
2024-12-11,24649.000549316406,18933.857322352924,15855.297897129914
2024-12-12,24796.00067138672,18878.220653602897,15793.173651400639
2024-12-13,24813.00048828125,19043.64016628587,15958.226317507426
2024-12-16,25103.99932861328,19140.27660251723,16046.898097699277
2024-12-17,25347.999572753906,19214.30036508592,16135.997313268166
2024-12-18,24805.00030517578,20029.911585100934,16694.764390865756
2024-12-19,24978.99932861328,20215.509607012762,16882.330944276517
2024-12-20,25449.000549316406,19804.870145199173,16471.295130258448
2024-12-23,25527.000427246094,19391.3741035851,16194.90039398219
2024-12-24,25820.001220703125,19233.76990115979,16219.637904551388
2024-12-26,25901.998901367188,19584.68178832982,16420.007970569335
2024-12-27,25558.999633789062,19798.808542098,16349.205858829733
2024-12-30,25219.99969482422,20424.94645926864,16974.104531782916
2024-12-31,25041.99981689453,20291.786358656445,16856.705536127898
