date,close,sigma,r,strike,dte,tau_years,put_px,put_delta,contracts,cash,portfolio_value,portfolio_delta,rebalanced,rolled,trade_contracts,option_cashflow,cum_hedge_cost
2022-01-03,182.00999450683594,0.3075,0.0008,,,,,,0.0,0.0,18200.999450683594,100.0,False,False,0.0,0.0,0.0
2022-01-04,179.6999969482422,0.3135,0.0008,,,,,,0.0,0.0,17969.99969482422,100.0,False,False,0.0,0.0,0.0
2022-01-05,174.9199981689453,0.3401,0.0009,,,,,,0.0,0.0,17491.99981689453,100.0,False,False,0.0,0.0,0.0
2022-01-06,172.0,0.33630000000000004,0.001,,,,,,0.0,0.0,17200.0,100.0,False,False,0.0,0.0,0.0
2022-01-07,172.1699981689453,0.33030000000000004,0.001,,,,,,0.0,0.0,17216.99981689453,100.0,False,False,0.0,0.0,0.0
2022-01-10,172.19000244140625,0.33590000000000003,0.0013000000000000002,,,,,,0.0,0.0,17219.000244140625,100.0,False,False,0.0,0.0,0.0
2022-01-11,175.0800018310547,0.3154,0.0011,,,,,,0.0,0.0,17508.00018310547,100.0,False,False,0.0,0.0,0.0
2022-01-12,175.52999877929688,0.3091,0.0012,,,,,,0.0,0.0,17552.999877929688,100.0,False,False,0.0,0.0,0.0
2022-01-13,172.19000244140625,0.33890000000000003,0.0012,,,,,,0.0,0.0,17219.000244140625,100.0,False,False,0.0,0.0,0.0
2022-01-14,173.07000732421875,0.3237,0.0013000000000000002,,,,,,0.0,0.0,17307.000732421875,100.0,False,False,0.0,0.0,0.0
2022-01-18,169.8000030517578,0.37320000000000003,0.0016,,,,,,0.0,0.0,16980.00030517578,100.0,False,False,0.0,0.0,0.0
2022-01-19,166.22999572753906,0.37210000000000004,0.0017000000000000001,,,,,,0.0,0.0,16622.999572753906,100.0,False,False,0.0,0.0,0.0
2022-01-20,164.50999450683594,0.3829,0.0017000000000000001,,,,,,0.0,0.0,16450.999450683594,100.0,False,False,0.0,0.0,0.0
2022-01-21,162.41000366210938,0.40590000000000004,0.0017000000000000001,,,,,,0.0,0.0,16241.000366210938,100.0,False,False,0.0,0.0,0.0
2022-01-24,161.6199951171875,0.4239,0.0019,,,,,,0.0,0.0,16161.99951171875,100.0,False,False,0.0,0.0,0.0
2022-01-25,159.77999877929688,0.4532,0.0019,,,,,,0.0,0.0,15977.999877929688,100.0,False,False,0.0,0.0,0.0
2022-01-26,159.69000244140625,0.4497,0.0019,,,,,,0.0,0.0,15969.000244140625,100.0,False,False,0.0,0.0,0.0
2022-01-27,159.22000122070312,0.45909999999999995,0.002,,,,,,0.0,0.0,15922.000122070312,100.0,False,False,0.0,0.0,0.0
2022-01-28,170.3300018310547,0.3563,0.0019,,,,,,0.0,0.0,17033.00018310547,100.0,False,False,0.0,0.0,0.0
2022-01-31,174.77999877929688,0.3141,0.0022,,,,,,0.0,0.0,17477.999877929688,100.0,False,False,0.0,0.0,0.0
2022-02-01,174.61000061035156,0.30460000000000004,0.0019,,,,,,0.0,0.0,17461.000061035156,100.0,False,False,0.0,0.0,0.0
2022-02-02,175.83999633789062,0.29460000000000003,0.0019,,,,,,0.0,0.0,17583.999633789062,100.0,False,False,0.0,0.0,0.0
2022-02-03,172.89999389648438,0.3418,0.002,,,,,,0.0,0.0,17289.999389648438,100.0,False,False,0.0,0.0,0.0
2022-02-04,172.38999938964844,0.3194,0.0023,,,,,,0.0,0.0,17238.999938964844,100.0,False,False,0.0,0.0,0.0
2022-02-07,171.66000366210938,0.321,0.0027,,,,,,0.0,0.0,17166.000366210938,100.0,False,False,0.0,0.0,0.0
2022-02-08,174.8300018310547,0.2977,0.0025,,,,,,0.0,0.0,17483.00018310547,100.0,False,False,0.0,0.0,0.0
2022-02-09,176.27999877929688,0.28,0.0026000000000000003,,,,,,0.0,0.0,17627.999877929688,100.0,False,False,0.0,0.0,0.0
2022-02-10,172.1199951171875,0.3086,0.004,,,,,,0.0,0.0,17211.99951171875,100.0,False,False,0.0,0.0,0.0
2022-02-11,168.63999938964844,0.34770000000000006,0.0036,,,,,,0.0,0.0,16863.999938964844,100.0,False,False,0.0,0.0,0.0
2022-02-14,168.8800048828125,0.34630000000000005,0.0043,,,,,,0.0,0.0,16888.00048828125,100.0,False,False,0.0,0.0,0.0
2022-02-15,172.7899932861328,0.30670000000000003,0.004,,,,,,0.0,0.0,17278.99932861328,100.0,False,False,0.0,0.0,0.0
2022-02-16,172.5500030517578,0.299,0.0038,,,,,,0.0,0.0,17255.00030517578,100.0,False,False,0.0,0.0,0.0
2022-02-17,168.8800048828125,0.3412,0.0036,,,,,,0.0,0.0,16888.00048828125,100.0,False,False,0.0,0.0,0.0
2022-02-18,167.3000030517578,0.3375,0.0034999999999999996,,,,,,0.0,0.0,16730.00030517578,100.0,False,False,0.0,0.0,0.0
2022-02-22,164.32000732421875,0.34740000000000004,0.0037,,,,,,0.0,0.0,16432.000732421875,100.0,False,False,0.0,0.0,0.0
2022-02-23,160.07000732421875,0.37520000000000003,0.0034000000000000002,,,,,,0.0,0.0,16007.000732421875,100.0,False,False,0.0,0.0,0.0
2022-02-24,162.74000549316406,0.3564,0.0032,,,,,,0.0,0.0,16274.000549316406,100.0,False,False,0.0,0.0,0.0
2022-02-25,164.85000610351562,0.3286,0.0033000000000000004,,,,,,0.0,0.0,16485.000610351562,100.0,False,False,0.0,0.0,0.0
2022-02-28,165.1199951171875,0.3419,0.0034999999999999996,,,,,,0.0,0.0,16511.99951171875,100.0,False,False,0.0,0.0,0.0
2022-03-01,163.1999969482422,0.38079999999999997,0.0032,,,,,,0.0,0.0,16319.999694824219,100.0,False,False,0.0,0.0,0.0
2022-03-02,166.55999755859375,0.3444,0.0034000000000000002,,,,,,0.0,0.0,16655.999755859375,100.0,False,False,0.0,0.0,0.0
2022-03-03,166.22999572753906,0.3473,0.0038,,,,,,0.0,0.0,16622.999572753906,100.0,False,False,0.0,0.0,0.0
2022-03-04,163.1699981689453,0.3874,0.0034000000000000002,,,,,,0.0,0.0,16316.999816894531,100.0,False,False,0.0,0.0,0.0
2022-03-07,159.3000030517578,0.4283,0.0038,,,,,,0.0,0.0,15930.000305175781,100.0,False,False,0.0,0.0,0.0
2022-03-08,157.44000244140625,0.4193,0.0036,,,,,,0.0,0.0,15744.000244140625,100.0,False,False,0.0,0.0,0.0
2022-03-09,162.9499969482422,0.3677,0.0038,,,,,,0.0,0.0,16294.999694824219,100.0,False,False,0.0,0.0,0.0
2022-03-10,158.52000427246094,0.3816,0.0039000000000000003,,,,,,0.0,0.0,15852.000427246094,100.0,False,False,0.0,0.0,0.0
2022-03-11,154.72999572753906,0.4061,0.004,,,,,,0.0,0.0,15472.999572753906,100.0,False,False,0.0,0.0,0.0
2022-03-14,150.6199951171875,0.4366,0.0045000000000000005,,,,,,0.0,0.0,15061.99951171875,100.0,False,False,0.0,0.0,0.0
2022-03-15,155.08999633789062,0.3899,0.0046,,,,,,0.0,0.0,15508.999633789062,100.0,False,False,0.0,0.0,0.0
2022-03-16,159.58999633789062,0.3396,0.0044,,,,,,0.0,0.0,15958.999633789062,100.0,False,False,0.0,0.0,0.0
2022-03-17,160.6199951171875,0.3279,0.004,,,,,,0.0,0.0,16061.99951171875,100.0,False,False,0.0,0.0,0.0
2022-03-18,163.97999572753906,0.3056,0.0042,,,,,,0.0,0.0,16397.999572753906,100.0,False,False,0.0,0.0,0.0
2022-03-21,165.3800048828125,0.3204,0.0054,,,,,,0.0,0.0,16538.00048828125,100.0,False,False,0.0,0.0,0.0
2022-03-22,168.82000732421875,0.3007,0.0051,,,,,,0.0,0.0,16882.000732421875,100.0,False,False,0.0,0.0,0.0
2022-03-23,170.2100067138672,0.3209,0.005,,,,,,0.0,0.0,17021.00067138672,100.0,False,False,0.0,0.0,0.0
2022-03-24,174.07000732421875,0.3074,0.005200000000000001,,,,,,0.0,0.0,17407.000732421875,100.0,False,False,0.0,0.0,0.0
2022-03-25,174.72000122070312,0.29910000000000003,0.0055000000000000005,,,,,,0.0,0.0,17472.000122070312,100.0,False,False,0.0,0.0,0.0
2022-03-28,175.60000610351562,0.3078,0.0059,,,,,,0.0,0.0,17560.000610351562,100.0,False,False,0.0,0.0,0.0
2022-03-29,178.9600067138672,0.2959,0.0055000000000000005,,,,,,0.0,0.0,17896.00067138672,100.0,False,False,0.0,0.0,0.0
2022-03-30,177.77000427246094,0.30829999999999996,0.0055000000000000005,,,,,,0.0,0.0,17777.000427246094,100.0,False,False,0.0,0.0,0.0
2022-03-31,174.61000061035156,0.31629999999999997,0.005200000000000001,,,,,,0.0,0.0,17461.000061035156,100.0,False,False,0.0,0.0,0.0
2022-04-01,174.30999755859375,0.2998,0.0053,,,,,,0.0,0.0,17430.999755859375,100.0,False,False,0.0,0.0,0.0
2022-04-04,178.44000244140625,0.2979,0.006600000000000001,,,,,,0.0,0.0,17844.000244140625,100.0,False,False,0.0,0.0,0.0
2022-04-05,175.05999755859375,0.3164,0.006500000000000001,,,,,,0.0,0.0,17505.999755859375,100.0,False,False,0.0,0.0,0.0
2022-04-06,171.8300018310547,0.3358,0.0067,,,,,,0.0,0.0,17183.00018310547,100.0,False,False,0.0,0.0,0.0
2022-04-07,172.13999938964844,0.33299999999999996,0.0068000000000000005,,,,,,0.0,0.0,17213.999938964844,100.0,False,False,0.0,0.0,0.0
2022-04-08,170.08999633789062,0.3311,0.006999999999999999,,,,,,0.0,0.0,17008.999633789062,100.0,False,False,0.0,0.0,0.0
2022-04-11,165.75,0.3667,0.0077,,,,,,0.0,0.0,16575.0,100.0,False,False,0.0,0.0,0.0
2022-04-12,167.66000366210938,0.3514,0.0074,,,,,,0.0,0.0,16766.000366210938,100.0,False,False,0.0,0.0,0.0
2022-04-13,170.39999389648438,0.3259,0.0075,,,,,,0.0,0.0,17039.999389648438,100.0,False,False,0.0,0.0,0.0
2022-04-14,165.2899932861328,0.3523,0.0079,,,,,,0.0,0.0,16528.99932861328,100.0,False,False,0.0,0.0,0.0
2022-04-18,165.07000732421875,0.34630000000000005,0.008100000000000001,,,,,,0.0,0.0,16507.000732421875,100.0,False,False,0.0,0.0,0.0
2022-04-19,167.39999389648438,0.2865,0.008100000000000001,,,,,,0.0,0.0,16739.999389648438,100.0,False,False,0.0,0.0,0.0
2022-04-20,167.22999572753906,0.3478,0.008199999999999999,,,,,,0.0,0.0,16722.999572753906,100.0,False,False,0.0,0.0,0.0
2022-04-21,166.4199981689453,0.36710000000000004,0.0083,,,,,,0.0,0.0,16641.99981689453,100.0,False,False,0.0,0.0,0.0
2022-04-22,161.7899932861328,0.42240000000000005,0.0083,,,,,,0.0,0.0,16178.999328613281,100.0,False,False,0.0,0.0,0.0
2022-04-25,162.8800048828125,0.4203,0.0091,,,,,,0.0,0.0,16288.00048828125,100.0,False,False,0.0,0.0,0.0
2022-04-26,156.8000030517578,0.47450000000000003,0.0083,,,,,,0.0,0.0,15680.000305175781,100.0,False,False,0.0,0.0,0.0
2022-04-27,156.57000732421875,0.46130000000000004,0.008199999999999999,,,,,,0.0,0.0,15657.000732421875,100.0,False,False,0.0,0.0,0.0
2022-04-28,163.63999938964844,0.4194,0.008199999999999999,,,,,,0.0,0.0,16363.999938964844,100.0,False,False,0.0,0.0,0.0
2022-04-29,157.64999389648438,0.4105,0.0085,,,,,,0.0,0.0,15764.999389648438,100.0,False,False,0.0,0.0,0.0
2022-05-02,157.9600067138672,0.3882,0.009000000000000001,,,,,,0.0,0.0,15796.000671386719,100.0,False,False,0.0,0.0,0.0
2022-05-03,159.47999572753906,0.3736,0.0091,,,,,,0.0,0.0,15947.999572753906,100.0,False,False,0.0,0.0,0.0
2022-05-04,166.02000427246094,0.3322,0.0089,,,,,,0.0,0.0,16602.000427246094,100.0,False,False,0.0,0.0,0.0
2022-05-05,156.77000427246094,0.40380000000000005,0.0085,,,,,,0.0,0.0,15677.000427246094,100.0,False,False,0.0,0.0,0.0
2022-05-06,157.27999877929688,0.39020000000000005,0.0085,,,,,,0.0,0.0,15727.999877929688,100.0,False,False,0.0,0.0,0.0
2022-05-09,152.05999755859375,0.4341,0.0092,,,,,,0.0,0.0,15205.999755859375,100.0,False,False,0.0,0.0,0.0
2022-05-10,154.50999450683594,0.4143,0.0089,,,,,,0.0,0.0,15450.999450683594,100.0,False,False,0.0,0.0,0.0
2022-05-11,146.5,0.4498,0.0091,,,,,,0.0,0.0,14650.0,100.0,False,False,0.0,0.0,0.0
2022-05-12,142.55999755859375,0.4708,0.0096,,,,,,0.0,0.0,14255.999755859375,100.0,False,False,0.0,0.0,0.0
2022-05-13,147.11000061035156,0.41270000000000007,0.0103,,,,,,0.0,0.0,14711.000061035156,100.0,False,False,0.0,0.0,0.0
2022-05-16,145.5399932861328,0.4132,0.010700000000000001,,,,,,0.0,0.0,14553.999328613281,100.0,False,False,0.0,0.0,0.0
2022-05-17,149.24000549316406,0.3714,0.0106,,,,,,0.0,0.0,14924.000549316406,100.0,False,False,0.0,0.0,0.0
2022-05-18,140.82000732421875,0.434,0.0103,,,,,,0.0,0.0,14082.000732421875,100.0,False,False,0.0,0.0,0.0
2022-05-19,137.35000610351562,0.4217,0.0105,,,,,,0.0,0.0,13735.000610351562,100.0,False,False,0.0,0.0,0.0
2022-05-20,137.58999633789062,0.4257,0.0103,,,,,,0.0,0.0,13758.999633789062,100.0,False,False,0.0,0.0,0.0
2022-05-23,143.11000061035156,0.40850000000000003,0.010700000000000001,,,,,,0.0,0.0,14311.000061035156,100.0,False,False,0.0,0.0,0.0
2022-05-24,140.36000061035156,0.4292,0.0106,,,,,,0.0,0.0,14036.000061035156,100.0,False,False,0.0,0.0,0.0
2022-05-25,140.52000427246094,0.41409999999999997,0.0106,,,,,,0.0,0.0,14052.000427246094,100.0,False,False,0.0,0.0,0.0
2022-05-26,143.77999877929688,0.3946,0.010700000000000001,,,,,,0.0,0.0,14377.999877929688,100.0,False,False,0.0,0.0,0.0
2022-05-27,149.63999938964844,0.3679,0.0108,,,,,,0.0,0.0,14963.999938964844,100.0,False,False,0.0,0.0,0.0
2022-05-31,148.83999633789062,0.3834,0.0116,,,,,,0.0,0.0,14883.999633789062,100.0,False,False,0.0,0.0,0.0
2022-06-01,148.7100067138672,0.37450000000000006,0.0115,,,,,,0.0,0.0,14871.000671386719,100.0,False,False,0.0,0.0,0.0
2022-06-02,151.2100067138672,0.3505,0.0117,,,,,,0.0,0.0,15121.000671386719,100.0,False,False,0.0,0.0,0.0
2022-06-03,145.3800048828125,0.3764,0.0121,,,,,,0.0,0.0,14538.00048828125,100.0,False,False,0.0,0.0,0.0
2022-06-06,146.13999938964844,0.3658,0.0126,,,,,,0.0,0.0,14613.999938964844,100.0,False,False,0.0,0.0,0.0
2022-06-07,148.7100067138672,0.34700000000000003,0.0126,,,,,,0.0,0.0,14871.000671386719,100.0,False,False,0.0,0.0,0.0
2022-06-08,147.9600067138672,0.3442,0.0128,,,,,,0.0,0.0,14796.000671386719,100.0,False,False,0.0,0.0,0.0
2022-06-09,142.63999938964844,0.3719,0.013000000000000001,,,,,,0.0,0.0,14263.999938964844,100.0,False,False,0.0,0.0,0.0
2022-06-10,137.1300048828125,0.39549999999999996,0.0139,,,,,,0.0,0.0,13713.00048828125,100.0,False,False,0.0,0.0,0.0
2022-06-13,131.8800048828125,0.45520000000000005,0.0173,,,,,,0.0,0.0,13188.00048828125,100.0,False,False,0.0,0.0,0.0
2022-06-14,132.75999450683594,0.4322,0.0183,,,,,,0.0,0.0,13275.999450683594,100.0,False,False,0.0,0.0,0.0
2022-06-15,135.42999267578125,0.399,0.0174,,,,,,0.0,0.0,13542.999267578125,100.0,False,False,0.0,0.0,0.0
2022-06-16,130.05999755859375,0.4362,0.0159,,,,,,0.0,0.0,13005.999755859375,100.0,False,False,0.0,0.0,0.0
2022-06-17,131.55999755859375,0.402,0.0163,,,,,,0.0,0.0,13155.999755859375,100.0,False,False,0.0,0.0,0.0
2022-06-21,135.8699951171875,0.37920000000000004,0.017,,,,,,0.0,0.0,13586.99951171875,100.0,False,False,0.0,0.0,0.0
2022-06-22,135.35000610351562,0.3876,0.0161,,,,,,0.0,0.0,13535.000610351562,100.0,False,False,0.0,0.0,0.0
2022-06-23,138.27000427246094,0.3803,0.0165,,,,,,0.0,0.0,13827.000427246094,100.0,False,False,0.0,0.0,0.0
2022-06-24,141.66000366210938,0.3613,0.0173,,,,,,0.0,0.0,14166.000366210938,100.0,False,False,0.0,0.0,0.0
2022-06-27,141.66000366210938,0.3893,0.0179,,,,,,0.0,0.0,14166.000366210938,100.0,False,False,0.0,0.0,0.0
2022-06-28,137.44000244140625,0.4136,0.0179,,,,,,0.0,0.0,13744.000244140625,100.0,False,False,0.0,0.0,0.0
2022-06-29,139.22999572753906,0.4156,0.0178,,,,,,0.0,0.0,13922.999572753906,100.0,False,False,0.0,0.0,0.0
2022-06-30,136.72000122070312,0.44200000000000006,0.0172,,,,,,0.0,0.0,13672.000122070312,100.0,False,False,0.0,0.0,0.0
2022-07-01,138.92999267578125,0.4167,0.0173,,,,,,0.0,0.0,13892.999267578125,100.0,False,False,0.0,0.0,0.0
2022-07-05,141.55999755859375,0.41759999999999997,0.019,,,,,,0.0,0.0,14155.999755859375,100.0,False,False,0.0,0.0,0.0
2022-07-06,142.9199981689453,0.4033,0.019,,,,,,0.0,0.0,14291.999816894531,100.0,False,False,0.0,0.0,0.0
2022-07-07,146.35000610351562,0.3803,0.0195,,,,,,0.0,0.0,14635.000610351562,100.0,False,False,0.0,0.0,0.0
2022-07-08,147.0399932861328,0.3663,0.0198,,,,,,0.0,0.0,14703.999328613281,100.0,False,False,0.0,0.0,0.0
2022-07-11,144.8699951171875,0.39299999999999996,0.021800000000000003,,,,,,0.0,0.0,14486.99951171875,100.0,False,False,0.0,0.0,0.0
2022-07-12,145.86000061035156,0.4004,0.0222,,,,,,0.0,0.0,14586.000061035156,100.0,False,False,0.0,0.0,0.0
2022-07-13,145.49000549316406,0.3979,0.0239,,,,,,0.0,0.0,14549.000549316406,100.0,False,False,0.0,0.0,0.0
2022-07-14,148.47000122070312,0.3987,0.024,,,,,,0.0,0.0,14847.000122070312,100.0,False,False,0.0,0.0,0.0
2022-07-15,150.1699981689453,0.3679,0.023700000000000002,,,,,,0.0,0.0,15016.999816894531,100.0,False,False,0.0,0.0,0.0
2022-07-18,147.07000732421875,0.387,0.025,,,,,,0.0,0.0,14707.000732421875,100.0,False,False,0.0,0.0,0.0
2022-07-19,151.0,0.36340000000000006,0.0252,,,,,,0.0,0.0,15100.0,100.0,False,False,0.0,0.0,0.0
2022-07-20,153.0399932861328,0.35340000000000005,0.025099999999999997,,,,,,0.0,0.0,15303.999328613281,100.0,False,False,0.0,0.0,0.0
2022-07-21,155.35000610351562,0.34850000000000003,0.0248,,,,,,0.0,0.0,15535.000610351562,100.0,False,False,0.0,0.0,0.0
2022-07-22,154.08999633789062,0.35259999999999997,0.024900000000000002,,,,,,0.0,0.0,15408.999633789062,100.0,False,False,0.0,0.0,0.0
2022-07-25,152.9499969482422,0.364,0.0262,,,,,,0.0,0.0,15294.999694824219,100.0,False,False,0.0,0.0,0.0
2022-07-26,151.60000610351562,0.3764,0.0255,,,,,,0.0,0.0,15160.000610351562,100.0,False,False,0.0,0.0,0.0
2022-07-27,156.7899932861328,0.35100000000000003,0.0244,,,,,,0.0,0.0,15678.999328613281,100.0,False,False,0.0,0.0,0.0
2022-07-28,157.35000610351562,0.33340000000000003,0.0242,,,,,,0.0,0.0,15735.000610351562,100.0,False,False,0.0,0.0,0.0
2022-07-29,162.50999450683594,0.276,0.024100000000000003,,,,,,0.0,0.0,16250.999450683594,100.0,False,False,0.0,0.0,0.0
2022-08-01,161.50999450683594,0.2957,0.0256,,,,,,0.0,0.0,16150.999450683594,100.0,False,False,0.0,0.0,0.0
2022-08-02,160.00999450683594,0.3106,0.0256,,,,,,0.0,0.0,16000.999450683594,100.0,False,False,0.0,0.0,0.0
2022-08-03,166.1300048828125,0.2927,0.0252,,,,,,0.0,0.0,16613.00048828125,100.0,False,False,0.0,0.0,0.0
2022-08-04,165.80999755859375,0.2865,0.025,,,,,,0.0,0.0,16580.999755859375,100.0,False,False,0.0,0.0,0.0
2022-08-05,165.35000610351562,0.2782,0.0258,,,,,,0.0,0.0,16535.000610351562,100.0,False,False,0.0,0.0,0.0
2022-08-08,164.8699951171875,0.2813,0.0265,,,,,,0.0,0.0,16486.99951171875,100.0,False,False,0.0,0.0,0.0
2022-08-09,164.9199981689453,0.29100000000000004,0.0267,,,,,,0.0,0.0,16491.99981689453,100.0,False,False,0.0,0.0,0.0
2022-08-10,169.24000549316406,0.2611,0.0265,,,,,,0.0,0.0,16924.000549316406,100.0,False,False,0.0,0.0,0.0
2022-08-11,168.49000549316406,0.26480000000000004,0.0262,,,,,,0.0,0.0,16849.000549316406,100.0,False,False,0.0,0.0,0.0
2022-08-12,172.10000610351562,0.25260000000000005,0.0263,,,,,,0.0,0.0,17210.000610351562,100.0,False,False,0.0,0.0,0.0
2022-08-15,173.19000244140625,0.2549,0.027200000000000002,,,,,,0.0,0.0,17319.000244140625,100.0,False,False,0.0,0.0,0.0
2022-08-16,173.02999877929688,0.2556,0.027000000000000003,,,,,,0.0,0.0,17302.999877929688,100.0,False,False,0.0,0.0,0.0
2022-08-17,174.5500030517578,0.277,0.0268,,,,,,0.0,0.0,17455.00030517578,100.0,False,False,0.0,0.0,0.0
2022-08-18,174.14999389648438,0.27640000000000003,0.0271,,,,,,0.0,0.0,17414.999389648438,100.0,False,False,0.0,0.0,0.0
2022-08-19,171.52000427246094,0.28190000000000004,0.027400000000000004,,,,,,0.0,0.0,17152.000427246094,100.0,False,False,0.0,0.0,0.0
2022-08-22,167.57000732421875,0.3024,0.0282,,,,,,0.0,0.0,16757.000732421875,100.0,False,False,0.0,0.0,0.0
2022-08-23,167.22999572753906,0.3032,0.027999999999999997,,,,,,0.0,0.0,16722.999572753906,100.0,False,False,0.0,0.0,0.0
2022-08-24,167.52999877929688,0.2934,0.0282,,,,,,0.0,0.0,16752.999877929688,100.0,False,False,0.0,0.0,0.0
2022-08-25,170.02999877929688,0.2776,0.0288,,,,,,0.0,0.0,17002.999877929688,100.0,False,False,0.0,0.0,0.0
2022-08-26,163.6199951171875,0.3212,0.028900000000000002,,,,,,0.0,0.0,16361.99951171875,100.0,False,False,0.0,0.0,0.0
2022-08-29,161.3800048828125,0.33490000000000003,0.029700000000000004,,,,,,0.0,0.0,16138.00048828125,100.0,False,False,0.0,0.0,0.0
2022-08-30,158.91000366210938,0.33390000000000003,0.029700000000000004,,,,,,0.0,0.0,15891.000366210938,100.0,False,False,0.0,0.0,0.0
2022-08-31,157.22000122070312,0.3315,0.0296,,,,,,0.0,0.0,15722.000122070312,100.0,False,False,0.0,0.0,0.0
2022-09-01,157.9600067138672,0.3318,0.029700000000000004,,,,,,0.0,0.0,15796.000671386719,100.0,False,False,0.0,0.0,0.0
2022-09-02,155.80999755859375,0.3372,0.0294,,,,,,0.0,0.0,15580.999755859375,100.0,False,False,0.0,0.0,0.0
2022-09-06,154.52999877929688,0.354,0.0304,,,,,,0.0,0.0,15452.999877929688,100.0,False,False,0.0,0.0,0.0
2022-09-07,155.9600067138672,0.3287,0.030699999999999998,,,,,,0.0,0.0,15596.000671386719,100.0,False,False,0.0,0.0,0.0
2022-09-08,154.4600067138672,0.3221,0.030600000000000002,,,,,,0.0,0.0,15446.000671386719,100.0,False,False,0.0,0.0,0.0
2022-09-09,157.3699951171875,0.2963,0.0308,,,,,,0.0,0.0,15736.99951171875,100.0,False,False,0.0,0.0,0.0
2022-09-12,163.42999267578125,0.3062,0.0317,,,,,,0.0,0.0,16342.999267578125,100.0,False,False,0.0,0.0,0.0
2022-09-13,153.83999633789062,0.3592,0.032799999999999996,,,,,,0.0,0.0,15383.999633789062,100.0,False,False,0.0,0.0,0.0
2022-09-14,155.30999755859375,0.3473,0.032400000000000005,,,,,,0.0,0.0,15530.999755859375,100.0,False,False,0.0,0.0,0.0
2022-09-15,152.3699951171875,0.3611,0.0322,,,,,,0.0,0.0,15236.99951171875,100.0,False,False,0.0,0.0,0.0
2022-09-16,150.6999969482422,0.3822,0.032,,,,,,0.0,0.0,15069.999694824219,100.0,False,False,0.0,0.0,0.0
2022-09-19,154.47999572753906,0.3617,0.0337,,,,,,0.0,0.0,15447.999572753906,100.0,False,False,0.0,0.0,0.0
2022-09-20,156.89999389648438,0.37229999999999996,0.0335,,,,,,0.0,0.0,15689.999389648438,100.0,False,False,0.0,0.0,0.0
2022-09-21,153.72000122070312,0.3915,0.033100000000000004,,,,,,0.0,0.0,15372.000122070312,100.0,False,False,0.0,0.0,0.0
2022-09-22,152.74000549316406,0.3859,0.0329,,,,,,0.0,0.0,15274.000549316406,100.0,False,False,0.0,0.0,0.0
2022-09-23,150.42999267578125,0.40240000000000004,0.032400000000000005,,,,,,0.0,0.0,15042.999267578125,100.0,False,False,0.0,0.0,0.0
2022-09-26,150.77000427246094,0.4387,0.0339,,,,,,0.0,0.0,15077.000427246094,100.0,False,False,0.0,0.0,0.0
2022-09-27,151.75999450683594,0.439,0.0335,,,,,,0.0,0.0,15175.999450683594,100.0,False,False,0.0,0.0,0.0
2022-09-28,149.83999633789062,0.43710000000000004,0.034,,,,,,0.0,0.0,14983.999633789062,100.0,False,False,0.0,0.0,0.0
2022-09-29,142.47999572753906,0.4779,0.0336,,,,,,0.0,0.0,14247.999572753906,100.0,False,False,0.0,0.0,0.0
2022-09-30,138.1999969482422,0.48340000000000005,0.0333,,,,,,0.0,0.0,13819.999694824219,100.0,False,False,0.0,0.0,0.0
2022-10-03,142.4499969482422,0.4458,0.0346,,,,,,0.0,0.0,14244.999694824219,100.0,False,False,0.0,0.0,0.0
2022-10-04,146.10000610351562,0.42460000000000003,0.0345,,,,,,0.0,0.0,14610.000610351562,100.0,False,False,0.0,0.0,0.0
2022-10-05,146.39999389648438,0.4258,0.0346,,,,,,0.0,0.0,14639.999389648438,100.0,False,False,0.0,0.0,0.0
2022-10-06,145.42999267578125,0.4415,0.0346,,,,,,0.0,0.0,14542.999267578125,100.0,False,False,0.0,0.0,0.0
2022-10-07,140.08999633789062,0.4636,0.0345,,,,,,0.0,0.0,14008.999633789062,100.0,False,False,0.0,0.0,0.0
2022-10-10,140.4199981689453,0.4753,0.0345,,,,,,0.0,0.0,14041.999816894531,100.0,False,False,0.0,0.0,0.0
2022-10-11,138.97999572753906,0.48,0.0367,,,,,,0.0,0.0,13897.999572753906,100.0,False,False,0.0,0.0,0.0
2022-10-12,138.33999633789062,0.488,0.037000000000000005,,,,,,0.0,0.0,13833.999633789062,100.0,False,False,0.0,0.0,0.0
2022-10-13,142.99000549316406,0.4622,0.0379,,,,,,0.0,0.0,14299.000549316406,100.0,False,False,0.0,0.0,0.0
2022-10-14,138.3800048828125,0.47200000000000003,0.0381,,,,,,0.0,0.0,13838.00048828125,100.0,False,False,0.0,0.0,0.0
2022-10-17,142.41000366210938,0.4581,0.039700000000000006,,,,,,0.0,0.0,14241.000366210938,100.0,False,False,0.0,0.0,0.0
2022-10-18,143.75,0.44799999999999995,0.0404,,,,,,0.0,0.0,14375.0,100.0,False,False,0.0,0.0,0.0
2022-10-19,143.86000061035156,0.44799999999999995,0.04070000000000001,,,,,,0.0,0.0,14386.000061035156,100.0,False,False,0.0,0.0,0.0
2022-10-20,143.38999938964844,0.43579999999999997,0.0409,,,,,,0.0,0.0,14338.999938964844,100.0,False,False,0.0,0.0,0.0
2022-10-21,147.27000427246094,0.4203,0.0409,,,,,,0.0,0.0,14727.000427246094,100.0,False,False,0.0,0.0,0.0
2022-10-24,149.4499969482422,0.4161,0.041600000000000005,,,,,,0.0,0.0,14944.999694824219,100.0,False,False,0.0,0.0,0.0
2022-10-25,152.33999633789062,0.396,0.0414,,,,,,0.0,0.0,15233.999633789062,100.0,False,False,0.0,0.0,0.0
2022-10-26,149.35000610351562,0.4069,0.041100000000000005,,,,,,0.0,0.0,14935.000610351562,100.0,False,False,0.0,0.0,0.0
2022-10-27,144.8000030517578,0.4485,0.041299999999999996,,,,,,0.0,0.0,14480.000305175781,100.0,False,False,0.0,0.0,0.0
2022-10-28,155.74000549316406,0.3344,0.0418,,,,,,0.0,0.0,15574.000549316406,100.0,False,False,0.0,0.0,0.0
2022-10-31,153.33999633789062,0.3431,0.0422,,,,,,0.0,0.0,15333.999633789062,100.0,False,False,0.0,0.0,0.0
2022-11-01,150.64999389648438,0.34770000000000006,0.042300000000000004,,,,,,0.0,0.0,15064.999389648438,100.0,False,False,0.0,0.0,0.0
2022-11-02,145.02999877929688,0.3603,0.0422,,,,,,0.0,0.0,14502.999877929688,100.0,False,False,0.0,0.0,0.0
2022-11-03,138.8800048828125,0.37460000000000004,0.0425,,,,,,0.0,0.0,13888.00048828125,100.0,False,False,0.0,0.0,0.0
2022-11-04,138.3800048828125,0.3797,0.0421,,,,,,0.0,0.0,13838.00048828125,100.0,False,False,0.0,0.0,0.0
2022-11-07,138.9199981689453,0.3822,0.0429,,,,,,0.0,0.0,13891.999816894531,100.0,False,False,0.0,0.0,0.0
2022-11-08,139.5,0.38530000000000003,0.042800000000000005,,,,,,0.0,0.0,13950.0,100.0,False,False,0.0,0.0,0.0
2022-11-09,134.8699951171875,0.4046,0.0429,,,,,,0.0,0.0,13486.99951171875,100.0,False,False,0.0,0.0,0.0
2022-11-10,146.8699951171875,0.3465,0.042800000000000005,,,,,,0.0,0.0,14686.99951171875,100.0,False,False,0.0,0.0,0.0
2022-11-11,149.6999969482422,0.34500000000000003,0.042800000000000005,,,,,,0.0,0.0,14969.999694824219,100.0,False,False,0.0,0.0,0.0
2022-11-14,148.27999877929688,0.3568,0.0434,,,,,,0.0,0.0,14827.999877929688,100.0,False,False,0.0,0.0,0.0
2022-11-15,150.0399932861328,0.3572,0.0431,,,,,,0.0,0.0,15003.999328613281,100.0,False,False,0.0,0.0,0.0
2022-11-16,148.7899932861328,0.35810000000000003,0.0432,,,,,,0.0,0.0,14878.999328613281,100.0,False,False,0.0,0.0,0.0
2022-11-17,150.72000122070312,0.3473,0.0432,,,,,,0.0,0.0,15072.000122070312,100.0,False,False,0.0,0.0,0.0
2022-11-18,151.2899932861328,0.33590000000000003,0.0434,,,,,,0.0,0.0,15128.999328613281,100.0,False,False,0.0,0.0,0.0
2022-11-21,148.00999450683594,0.3382,0.0441,,,,,,0.0,0.0,14800.999450683594,100.0,False,False,0.0,0.0,0.0
2022-11-22,150.17999267578125,0.31670000000000004,0.044000000000000004,,,,,,0.0,0.0,15017.999267578125,100.0,False,False,0.0,0.0,0.0
2022-11-23,151.07000732421875,0.3114,0.044000000000000004,,,,,,0.0,0.0,15107.000732421875,100.0,False,False,0.0,0.0,0.0
2022-11-25,148.11000061035156,0.3271,0.0441,,,,,,0.0,0.0,14811.000061035156,100.0,False,False,0.0,0.0,0.0
2022-11-28,144.22000122070312,0.35009999999999997,0.0441,,,,,,0.0,0.0,14422.000122070312,100.0,False,False,0.0,0.0,0.0
2022-11-29,141.1699981689453,0.3567,0.0438,,,,,,0.0,0.0,14116.999816894531,100.0,False,False,0.0,0.0,0.0
2022-11-30,148.02999877929688,0.3153,0.0437,,,,,,0.0,0.0,14802.999877929688,100.0,False,False,0.0,0.0,0.0
2022-12-01,148.30999755859375,0.3122,0.0433,,,,,,0.0,0.0,14830.999755859375,100.0,False,False,0.0,0.0,0.0
2022-12-02,147.80999755859375,0.3009,0.0434,,,,,,0.0,0.0,14780.999755859375,100.0,False,False,0.0,0.0,0.0
2022-12-05,146.6300048828125,0.3225,0.04360000000000001,,,,,,0.0,0.0,14663.00048828125,100.0,False,False,0.0,0.0,0.0
2022-12-06,142.91000366210938,0.3461,0.0437,,,,,,0.0,0.0,14291.000366210938,100.0,False,False,0.0,0.0,0.0
2022-12-07,140.94000244140625,0.3576,0.0429,,,,,,0.0,0.0,14094.000244140625,100.0,False,False,0.0,0.0,0.0
2022-12-08,142.64999389648438,0.3425,0.042800000000000005,,,,,,0.0,0.0,14264.999389648438,100.0,False,False,0.0,0.0,0.0
2022-12-09,142.16000366210938,0.34770000000000006,0.0431,,,,,,0.0,0.0,14216.000366210938,100.0,False,False,0.0,0.0,0.0
2022-12-12,144.49000549316406,0.3576,0.0438,,,,,,0.0,0.0,14449.000549316406,100.0,False,False,0.0,0.0,0.0
2022-12-13,145.47000122070312,0.3385,0.0435,,,,,,0.0,0.0,14547.000122070312,100.0,False,False,0.0,0.0,0.0
2022-12-14,143.2100067138672,0.3344,0.0433,,,,,,0.0,0.0,14321.000671386719,100.0,False,False,0.0,0.0,0.0
2022-12-15,136.5,0.37170000000000003,0.0434,,,,,,0.0,0.0,13650.0,100.0,False,False,0.0,0.0,0.0
2022-12-16,134.50999450683594,0.3726,0.0431,,,,,,0.0,0.0,13450.999450683594,100.0,False,False,0.0,0.0,0.0
2022-12-19,132.3699951171875,0.3669,0.0437,,,,,,0.0,0.0,13236.99951171875,100.0,False,False,0.0,0.0,0.0
2022-12-20,132.3000030517578,0.3616,0.0435,,,,,,0.0,0.0,13230.000305175781,100.0,False,False,0.0,0.0,0.0
2022-12-21,135.4499969482422,0.341,0.0433,,,,,,0.0,0.0,13544.999694824219,100.0,False,False,0.0,0.0,0.0
2022-12-22,132.22999572753906,0.3764,0.0435,,,,,,0.0,0.0,13222.999572753906,100.0,False,False,0.0,0.0,0.0
2022-12-23,131.86000061035156,0.3701,0.0434,,,,,,0.0,0.0,13186.000061035156,100.0,False,False,0.0,0.0,0.0
2022-12-27,130.02999877929688,0.3972,0.0446,,,,,,0.0,0.0,13002.999877929688,100.0,False,False,0.0,0.0,0.0
2022-12-28,126.04000091552734,0.4349,0.0446,,,,,,0.0,0.0,12604.000091552734,100.0,False,False,0.0,0.0,0.0
2022-12-29,129.61000061035156,0.3998,0.044500000000000005,,,,,,0.0,0.0,12961.000061035156,100.0,False,False,0.0,0.0,0.0
2022-12-30,129.92999267578125,0.40630000000000005,0.0442,,,,,,0.0,0.0,12992.999267578125,100.0,False,False,0.0,0.0,0.0
2023-01-03,125.06999969482422,0.4515,0.0453,,,,,,0.0,0.0,12506.999969482422,100.0,False,False,0.0,0.0,0.0
2023-01-04,126.36000061035156,0.433,0.0455,,,,,,0.0,0.0,12636.000061035156,100.0,False,False,0.0,0.0,0.0
2023-01-05,125.0199966430664,0.4368,0.0466,,,,,,0.0,0.0,12501.99966430664,100.0,False,False,0.0,0.0,0.0
2023-01-06,129.6199951171875,0.4026,0.0467,,,,,,0.0,0.0,12961.99951171875,100.0,False,False,0.0,0.0,0.0
2023-01-09,130.14999389648438,0.4007,0.047,,,,,,0.0,0.0,13014.999389648438,100.0,False,False,0.0,0.0,0.0
2023-01-10,130.72999572753906,0.39280000000000004,0.04730000000000001,,,,,,0.0,0.0,13072.999572753906,100.0,False,False,0.0,0.0,0.0
2023-01-11,133.49000549316406,0.3873,0.0472,,,,,,0.0,0.0,13349.000549316406,100.0,False,False,0.0,0.0,0.0
2023-01-12,133.41000366210938,0.3728,0.0466,,,,,,0.0,0.0,13341.000366210938,100.0,False,False,0.0,0.0,0.0
2023-01-13,134.75999450683594,0.35340000000000005,0.0467,,,,,,0.0,0.0,13475.999450683594,100.0,False,False,0.0,0.0,0.0
2023-01-17,135.94000244140625,0.37090000000000006,0.0471,,,,,,0.0,0.0,13594.000244140625,100.0,False,False,0.0,0.0,0.0
2023-01-18,135.2100067138672,0.3725,0.046900000000000004,,,,,,0.0,0.0,13521.000671386719,100.0,False,False,0.0,0.0,0.0
2023-01-19,135.27000427246094,0.3776,0.0471,,,,,,0.0,0.0,13527.000427246094,100.0,False,False,0.0,0.0,0.0
2023-01-20,137.8699951171875,0.3519,0.0472,,,,,,0.0,0.0,13786.99951171875,100.0,False,False,0.0,0.0,0.0
2023-01-23,141.11000061035156,0.3347,0.04730000000000001,,,,,,0.0,0.0,14111.000061035156,100.0,False,False,0.0,0.0,0.0
2023-01-24,142.52999877929688,0.3298,0.0472,,,,,,0.0,0.0,14252.999877929688,100.0,False,False,0.0,0.0,0.0
2023-01-25,141.86000061035156,0.33990000000000004,0.0472,,,,,,0.0,0.0,14186.000061035156,100.0,False,False,0.0,0.0,0.0
2023-01-26,143.9600067138672,0.3245,0.0471,,,,,,0.0,0.0,14396.000671386719,100.0,False,False,0.0,0.0,0.0
2023-01-27,145.92999267578125,0.3326,0.04730000000000001,,,,,,0.0,0.0,14592.999267578125,100.0,False,False,0.0,0.0,0.0
2023-01-30,143.0,0.3873,0.0472,,,,,,0.0,0.0,14300.0,100.0,False,False,0.0,0.0,0.0
2023-01-31,144.2899932861328,0.3417,0.047,,,,,,0.0,0.0,14428.999328613281,100.0,False,False,0.0,0.0,0.0
2023-02-01,145.42999267578125,0.3281,0.0466,,,,,,0.0,0.0,14542.999267578125,100.0,False,False,0.0,0.0,0.0
2023-02-02,150.82000732421875,0.3688,0.0466,,,,,,0.0,0.0,15082.000732421875,100.0,False,False,0.0,0.0,0.0
2023-02-03,154.5,0.3038,0.047,,,,,,0.0,0.0,15450.0,100.0,False,False,0.0,0.0,0.0
2023-02-06,151.72999572753906,0.3079,0.0471,,,,,,0.0,0.0,15172.999572753906,100.0,False,False,0.0,0.0,0.0
2023-02-07,154.64999389648438,0.2953,0.0471,,,,,,0.0,0.0,15464.999389648438,100.0,False,False,0.0,0.0,0.0
2023-02-08,151.9199981689453,0.3113,0.0472,,,,,,0.0,0.0,15191.999816894531,100.0,False,False,0.0,0.0,0.0
2023-02-09,150.8699951171875,0.32380000000000003,0.0477,,,,,,0.0,0.0,15086.99951171875,100.0,False,False,0.0,0.0,0.0
2023-02-10,151.00999450683594,0.3201,0.0479,,,,,,0.0,0.0,15100.999450683594,100.0,False,False,0.0,0.0,0.0
2023-02-13,153.85000610351562,0.3246,0.0481,,,,,,0.0,0.0,15385.000610351562,100.0,False,False,0.0,0.0,0.0
2023-02-14,153.1999969482422,0.3012,0.048,,,,,,0.0,0.0,15319.999694824219,100.0,False,False,0.0,0.0,0.0
2023-02-15,155.3300018310547,0.2903,0.0479,,,,,,0.0,0.0,15533.000183105469,100.0,False,False,0.0,0.0,0.0
2023-02-16,153.7100067138672,0.3039,0.0484,,,,,,0.0,0.0,15371.000671386719,100.0,False,False,0.0,0.0,0.0
2023-02-17,152.5500030517578,0.2958,0.0484,,,,,,0.0,0.0,15255.000305175781,100.0,False,False,0.0,0.0,0.0
2023-02-21,148.47999572753906,0.3236,0.048600000000000004,,,,,,0.0,0.0,14847.999572753906,100.0,False,False,0.0,0.0,0.0
2023-02-22,148.91000366210938,0.32030000000000003,0.0484,,,,,,0.0,0.0,14891.000366210938,100.0,False,False,0.0,0.0,0.0
2023-02-23,149.39999389648438,0.3008,0.0484,,,,,,0.0,0.0,14939.999389648438,100.0,False,False,0.0,0.0,0.0
2023-02-24,146.7100067138672,0.3072,0.048600000000000004,,,,,,0.0,0.0,14671.000671386719,100.0,False,False,0.0,0.0,0.0
2023-02-27,147.9199981689453,0.30210000000000004,0.0489,,,,,,0.0,0.0,14791.999816894531,100.0,False,False,0.0,0.0,0.0
2023-02-28,147.41000366210938,0.2945,0.0488,,,,,,0.0,0.0,14741.000366210938,100.0,False,False,0.0,0.0,0.0
2023-03-01,145.30999755859375,0.3018,0.049,,,,,,0.0,0.0,14530.999755859375,100.0,False,False,0.0,0.0,0.0
2023-03-02,145.91000366210938,0.2925,0.049100000000000005,,,,,,0.0,0.0,14591.000366210938,100.0,False,False,0.0,0.0,0.0
2023-03-03,151.02999877929688,0.26739999999999997,0.049100000000000005,,,,,,0.0,0.0,15102.999877929688,100.0,False,False,0.0,0.0,0.0
2023-03-06,153.8300018310547,0.2747,0.0493,,,,,,0.0,0.0,15383.000183105469,100.0,False,False,0.0,0.0,0.0
2023-03-07,151.60000610351562,0.2785,0.0504,,,,,,0.0,0.0,15160.000610351562,100.0,False,False,0.0,0.0,0.0
2023-03-08,152.8699951171875,0.2726,0.0506,,,,,,0.0,0.0,15286.99951171875,100.0,False,False,0.0,0.0,0.0
2023-03-09,150.58999633789062,0.3013,0.050499999999999996,,,,,,0.0,0.0,15058.999633789062,100.0,False,False,0.0,0.0,0.0
2023-03-10,148.5,0.3331,0.0501,,,,,,0.0,0.0,14850.0,100.0,False,False,0.0,0.0,0.0
2023-03-13,150.47000122070312,0.33,0.0487,,,,,,0.0,0.0,15047.000122070312,100.0,False,False,0.0,0.0,0.0
2023-03-14,152.58999633789062,0.30870000000000003,0.0488,,,,,,0.0,0.0,15258.999633789062,100.0,False,False,0.0,0.0,0.0
2023-03-15,152.99000549316406,0.3224,0.0475,,,,,,0.0,0.0,15299.000549316406,100.0,False,False,0.0,0.0,0.0
2023-03-16,155.85000610351562,0.2923,0.047400000000000005,,,,,,0.0,0.0,15585.000610351562,100.0,False,False,0.0,0.0,0.0
2023-03-17,155.0,0.31170000000000003,0.0452,,,,,,0.0,0.0,15500.0,100.0,False,False,0.0,0.0,0.0
2023-03-20,157.39999389648438,0.3032,0.0481,,,,,,0.0,0.0,15739.999389648438,100.0,False,False,0.0,0.0,0.0
2023-03-21,159.27999877929688,0.2805,0.0478,,,,,,0.0,0.0,15927.999877929688,100.0,False,False,0.0,0.0,0.0
2023-03-22,157.8300018310547,0.29510000000000003,0.0479,,,,,,0.0,0.0,15783.000183105469,100.0,False,False,0.0,0.0,0.0
2023-03-23,158.92999267578125,0.2959,0.04730000000000001,,,,,,0.0,0.0,15892.999267578125,100.0,False,False,0.0,0.0,0.0
2023-03-24,160.25,0.28940000000000005,0.047400000000000005,,,,,,0.0,0.0,16025.0,100.0,False,False,0.0,0.0,0.0
2023-03-27,158.27999877929688,0.2921,0.049100000000000005,,,,,,0.0,0.0,15827.999877929688,100.0,False,False,0.0,0.0,0.0
2023-03-28,157.64999389648438,0.2812,0.048,,,,,,0.0,0.0,15764.999389648438,100.0,False,False,0.0,0.0,0.0
2023-03-29,160.77000427246094,0.2666,0.048,,,,,,0.0,0.0,16077.000427246094,100.0,False,False,0.0,0.0,0.0
2023-03-30,162.36000061035156,0.27890000000000004,0.0497,,,,,,0.0,0.0,16236.000061035156,100.0,False,False,0.0,0.0,0.0
2023-03-31,164.89999389648438,0.27440000000000003,0.048499999999999995,,,,,,0.0,0.0,16489.999389648438,100.0,False,False,0.0,0.0,0.0
2023-04-03,166.1699981689453,0.287,0.049,,,,,,0.0,0.0,16616.99981689453,100.0,False,False,0.0,0.0,0.0
2023-04-04,165.6300048828125,0.2988,0.0488,,,,,,0.0,0.0,16563.00048828125,100.0,False,False,0.0,0.0,0.0
2023-04-05,163.75999450683594,0.30960000000000004,0.048600000000000004,,,,,,0.0,0.0,16375.999450683594,100.0,False,False,0.0,0.0,0.0
2023-04-06,164.66000366210938,0.2995,0.049100000000000005,,,,,,0.0,0.0,16466.000366210938,100.0,False,False,0.0,0.0,0.0
2023-04-10,162.02999877929688,0.3174,0.050800000000000005,,,,,,0.0,0.0,16202.999877929688,100.0,False,False,0.0,0.0,0.0
2023-04-11,160.8000030517578,0.3152,0.0504,,,,,,0.0,0.0,16080.000305175781,100.0,False,False,0.0,0.0,0.0
2023-04-12,160.10000610351562,0.3121,0.050199999999999995,,,,,,0.0,0.0,16010.000610351562,100.0,False,False,0.0,0.0,0.0
2023-04-13,165.55999755859375,0.295,0.051,,,,,,0.0,0.0,16555.999755859375,100.0,False,False,0.0,0.0,0.0
2023-04-14,165.2100067138672,0.2851,0.0514,,,,,,0.0,0.0,16521.00067138672,100.0,False,False,0.0,0.0,0.0
2023-04-17,165.22999572753906,0.2841,0.0521,,,,,,0.0,0.0,16522.999572753906,100.0,False,False,0.0,0.0,0.0
2023-04-18,166.47000122070312,0.2762,0.052000000000000005,,,,,,0.0,0.0,16647.000122070312,100.0,False,False,0.0,0.0,0.0
2023-04-19,167.6300048828125,0.2778,0.0516,,,,,,0.0,0.0,16763.00048828125,100.0,False,False,0.0,0.0,0.0
2023-04-20,166.64999389648438,0.2864,0.0512,,,,,,0.0,0.0,16664.999389648438,100.0,False,False,0.0,0.0,0.0
2023-04-21,165.02000427246094,0.2877,0.0514,,,,,,0.0,0.0,16502.000427246094,100.0,False,False,0.0,0.0,0.0
2023-04-24,165.3300018310547,0.2868,0.052000000000000005,,,,,,0.0,0.0,16533.00018310547,100.0,False,False,0.0,0.0,0.0
2023-04-25,163.77000427246094,0.31070000000000003,0.0512,,,,,,0.0,0.0,16377.000427246094,100.0,False,False,0.0,0.0,0.0
2023-04-26,163.75999450683594,0.3064,0.0516,,,,,,0.0,0.0,16375.999450683594,100.0,False,False,0.0,0.0,0.0
2023-04-27,168.41000366210938,0.2871,0.0518,,,,,,0.0,0.0,16841.000366210938,100.0,False,False,0.0,0.0,0.0
2023-04-28,169.67999267578125,0.2781,0.051,,,,,,0.0,0.0,16967.999267578125,100.0,False,False,0.0,0.0,0.0
2023-05-01,169.58999633789062,0.2917,0.0527,,,,,,0.0,0.0,16958.999633789062,100.0,False,False,0.0,0.0,0.0
2023-05-02,168.5399932861328,0.2981,0.0524,,,,,,0.0,0.0,16853.99932861328,100.0,False,False,0.0,0.0,0.0
2023-05-03,167.4499969482422,0.3125,0.0526,,,,,,0.0,0.0,16744.99969482422,100.0,False,False,0.0,0.0,0.0
2023-05-04,165.7899932861328,0.3297,0.0526,,,,,,0.0,0.0,16578.99932861328,100.0,False,False,0.0,0.0,0.0
2023-05-05,173.57000732421875,0.2365,0.0526,,,,,,0.0,0.0,17357.000732421875,100.0,False,False,0.0,0.0,0.0
2023-05-08,173.5,0.23420000000000002,0.053099999999999994,,,,,,0.0,0.0,17350.0,100.0,False,False,0.0,0.0,0.0
2023-05-09,171.77000427246094,0.23760000000000003,0.0529,,,,,,0.0,0.0,17177.000427246094,100.0,False,False,0.0,0.0,0.0
2023-05-10,173.55999755859375,0.22719999999999999,0.0524,,,,,,0.0,0.0,17355.999755859375,100.0,False,False,0.0,0.0,0.0
2023-05-11,173.75,0.2316,0.052000000000000005,,,,,,0.0,0.0,17375.0,100.0,False,False,0.0,0.0,0.0
2023-05-12,172.57000732421875,0.2345,0.0525,,,,,,0.0,0.0,17257.000732421875,100.0,False,False,0.0,0.0,0.0
2023-05-15,172.07000732421875,0.2331,0.0521,,,,,,0.0,0.0,17207.000732421875,100.0,False,False,0.0,0.0,0.0
2023-05-16,172.07000732421875,0.23809999999999998,0.052300000000000006,,,,,,0.0,0.0,17207.000732421875,100.0,False,False,0.0,0.0,0.0
2023-05-17,172.69000244140625,0.2295,0.0526,,,,,,0.0,0.0,17269.000244140625,100.0,False,False,0.0,0.0,0.0
2023-05-18,175.0500030517578,0.2224,0.053099999999999994,,,,,,0.0,0.0,17505.00030517578,100.0,False,False,0.0,0.0,0.0
2023-05-19,175.16000366210938,0.2209,0.0529,,,,,,0.0,0.0,17516.000366210938,100.0,False,False,0.0,0.0,0.0
2023-05-22,174.1999969482422,0.22460000000000002,0.054000000000000006,,,,,,0.0,0.0,17419.99969482422,100.0,False,False,0.0,0.0,0.0
2023-05-23,171.55999755859375,0.24600000000000002,0.0534,,,,,,0.0,0.0,17155.999755859375,100.0,False,False,0.0,0.0,0.0
2023-05-24,171.83999633789062,0.2555,0.053700000000000005,,,,,,0.0,0.0,17183.999633789062,100.0,False,False,0.0,0.0,0.0
2023-05-25,172.99000549316406,0.25870000000000004,0.0538,,,,,,0.0,0.0,17299.000549316406,100.0,False,False,0.0,0.0,0.0
2023-05-26,175.42999267578125,0.2464,0.0534,,,,,,0.0,0.0,17542.999267578125,100.0,False,False,0.0,0.0,0.0
2023-05-30,177.3000030517578,0.2525,0.0555,,,,,,0.0,0.0,17730.00030517578,100.0,False,False,0.0,0.0,0.0
2023-05-31,177.25,0.2566,0.0552,,,,,,0.0,0.0,17725.0,100.0,False,False,0.0,0.0,0.0
2023-06-01,180.08999633789062,0.2463,0.055,,,,,,0.0,0.0,18008.999633789062,100.0,False,False,0.0,0.0,0.0
2023-06-02,180.9499969482422,0.2399,0.055,,,,,,0.0,0.0,18094.99969482422,100.0,False,False,0.0,0.0,0.0
2023-06-05,179.5800018310547,0.24120000000000003,0.0546,,,,,,0.0,0.0,17958.00018310547,100.0,False,False,0.0,0.0,0.0
2023-06-06,179.2100067138672,0.21960000000000002,0.054400000000000004,,,,,,0.0,0.0,17921.00067138672,100.0,False,False,0.0,0.0,0.0
2023-06-07,177.82000732421875,0.227,0.0542,,,,,,0.0,0.0,17782.000732421875,100.0,False,False,0.0,0.0,0.0
2023-06-08,180.57000732421875,0.2122,0.0538,,,,,,0.0,0.0,18057.000732421875,100.0,False,False,0.0,0.0,0.0
2023-06-09,180.9600067138672,0.2053,0.053700000000000005,,,,,,0.0,0.0,18096.00067138672,100.0,False,False,0.0,0.0,0.0
2023-06-12,183.7899932861328,0.2061,0.054000000000000006,,,,,,0.0,0.0,18378.99932861328,100.0,False,False,0.0,0.0,0.0
2023-06-13,183.30999755859375,0.20579999999999998,0.0536,,,,,,0.0,0.0,18330.999755859375,100.0,False,False,0.0,0.0,0.0
2023-06-14,183.9499969482422,0.1968,0.0536,,,,,,0.0,0.0,18394.99969482422,100.0,False,False,0.0,0.0,0.0
2023-06-15,186.00999450683594,0.19940000000000002,0.0533,,,,,,0.0,0.0,18600.999450683594,100.0,False,False,0.0,0.0,0.0
2023-06-16,184.9199981689453,0.1957,0.0534,,,,,,0.0,0.0,18491.99981689453,100.0,False,False,0.0,0.0,0.0
2023-06-20,185.00999450683594,0.20629999999999998,0.053899999999999997,,,,,,0.0,0.0,18500.999450683594,100.0,False,False,0.0,0.0,0.0
2023-06-21,183.9600067138672,0.20199999999999999,0.054000000000000006,,,,,,0.0,0.0,18396.00067138672,100.0,False,False,0.0,0.0,0.0
2023-06-22,187.0,0.1979,0.054000000000000006,,,,,,0.0,0.0,18700.0,100.0,False,False,0.0,0.0,0.0
2023-06-23,186.67999267578125,0.2,0.0541,,,,,,0.0,0.0,18667.999267578125,100.0,False,False,0.0,0.0,0.0
2023-06-26,185.27000427246094,0.2119,0.055,,,,,,0.0,0.0,18527.000427246094,100.0,False,False,0.0,0.0,0.0
2023-06-27,188.05999755859375,0.2011,0.054400000000000004,,,,,,0.0,0.0,18805.999755859375,100.0,False,False,0.0,0.0,0.0
2023-06-28,189.25,0.1998,0.054400000000000004,,,,,,0.0,0.0,18925.0,100.0,False,False,0.0,0.0,0.0
2023-06-29,189.58999633789062,0.214,0.0546,,,,,,0.0,0.0,18958.999633789062,100.0,False,False,0.0,0.0,0.0
2023-06-30,193.97000122070312,0.21739999999999998,0.0543,,,,,,0.0,0.0,19397.000122070312,100.0,False,False,0.0,0.0,0.0
2023-07-03,192.4600067138672,0.23760000000000003,0.054400000000000004,,,,,,0.0,0.0,19246.00067138672,100.0,False,False,0.0,0.0,0.0
2023-07-05,191.3300018310547,0.2522,0.054400000000000004,,,,,,0.0,0.0,19133.00018310547,100.0,False,False,0.0,0.0,0.0
2023-07-06,191.80999755859375,0.2583,0.0546,,,,,,0.0,0.0,19180.999755859375,100.0,False,False,0.0,0.0,0.0
2023-07-07,190.67999267578125,0.2536,0.0546,,,,,,0.0,0.0,19067.999267578125,100.0,False,False,0.0,0.0,0.0
2023-07-10,188.61000061035156,0.2664,0.05480000000000001,,,,,,0.0,0.0,18861.000061035156,100.0,False,False,0.0,0.0,0.0
2023-07-11,188.0800018310547,0.26530000000000004,0.054900000000000004,,,,,,0.0,0.0,18808.00018310547,100.0,False,False,0.0,0.0,0.0
2023-07-12,189.77000427246094,0.2493,0.0547,,,,,,0.0,0.0,18977.000427246094,100.0,False,False,0.0,0.0,0.0
2023-07-13,190.5399932861328,0.2509,0.0547,,,,,,0.0,0.0,19053.99932861328,100.0,False,False,0.0,0.0,0.0
2023-07-14,190.69000244140625,0.25120000000000003,0.054900000000000004,,,,,,0.0,0.0,19069.000244140625,100.0,False,False,0.0,0.0,0.0
2023-07-17,193.99000549316406,0.2506,0.054900000000000004,,,,,,0.0,0.0,19399.000549316406,100.0,False,False,0.0,0.0,0.0
2023-07-18,193.72999572753906,0.252,0.054900000000000004,,,,,,0.0,0.0,19372.999572753906,100.0,False,False,0.0,0.0,0.0
2023-07-19,195.10000610351562,0.2615,0.054900000000000004,,,,,,0.0,0.0,19510.000610351562,100.0,False,False,0.0,0.0,0.0
2023-07-20,193.1300048828125,0.2664,0.054900000000000004,,,,,,0.0,0.0,19313.00048828125,100.0,False,False,0.0,0.0,0.0
2023-07-21,191.94000244140625,0.256,0.055,,,,,,0.0,0.0,19194.000244140625,100.0,False,False,0.0,0.0,0.0
2023-07-24,192.75,0.2528,0.055099999999999996,,,,,,0.0,0.0,19275.0,100.0,False,False,0.0,0.0,0.0
2023-07-25,193.6199951171875,0.2548,0.055099999999999996,,,,,,0.0,0.0,19361.99951171875,100.0,False,False,0.0,0.0,0.0
2023-07-26,194.5,0.2525,0.055099999999999996,,,,,,0.0,0.0,19450.0,100.0,False,False,0.0,0.0,0.0
2023-07-27,193.22000122070312,0.2625,0.055099999999999996,,,,,,0.0,0.0,19322.000122070312,100.0,False,False,0.0,0.0,0.0
2023-07-28,195.8300018310547,0.251,0.0552,,,,,,0.0,0.0,19583.00018310547,100.0,False,False,0.0,0.0,0.0
2023-07-31,196.4499969482422,0.2586,0.0555,,,,,,0.0,0.0,19644.99969482422,100.0,False,False,0.0,0.0,0.0
2023-08-01,195.61000061035156,0.2576,0.055400000000000005,,,,,,0.0,0.0,19561.000061035156,100.0,False,False,0.0,0.0,0.0
2023-08-02,192.5800018310547,0.2766,0.0553,,,,,,0.0,0.0,19258.00018310547,100.0,False,False,0.0,0.0,0.0
2023-08-03,191.1699981689453,0.276,0.055400000000000005,,,,,,0.0,0.0,19116.99981689453,100.0,False,False,0.0,0.0,0.0
2023-08-04,181.99000549316406,0.24600000000000002,0.055400000000000005,,,,,,0.0,0.0,18199.000549316406,100.0,False,False,0.0,0.0,0.0
2023-08-07,178.85000610351562,0.24370000000000003,0.0556,,,,,,0.0,0.0,17885.000610351562,100.0,False,False,0.0,0.0,0.0
2023-08-08,179.8000030517578,0.24059999999999998,0.055700000000000006,,,,,,0.0,0.0,17980.00030517578,100.0,False,False,0.0,0.0,0.0
2023-08-09,178.19000244140625,0.249,0.0555,,,,,,0.0,0.0,17819.000244140625,100.0,False,False,0.0,0.0,0.0
2023-08-10,177.97000122070312,0.2382,0.055400000000000005,,,,,,0.0,0.0,17797.000122070312,100.0,False,False,0.0,0.0,0.0
2023-08-11,177.7899932861328,0.228,0.055400000000000005,,,,,,0.0,0.0,17778.99932861328,100.0,False,False,0.0,0.0,0.0
2023-08-14,179.4600067138672,0.2236,0.0556,,,,,,0.0,0.0,17946.00067138672,100.0,False,False,0.0,0.0,0.0
2023-08-15,177.4499969482422,0.23809999999999998,0.0556,,,,,,0.0,0.0,17744.99969482422,100.0,False,False,0.0,0.0,0.0
2023-08-16,176.57000732421875,0.239,0.0556,,,,,,0.0,0.0,17657.000732421875,100.0,False,False,0.0,0.0,0.0
2023-08-17,174.0,0.2514,0.0556,,,,,,0.0,0.0,17400.0,100.0,False,False,0.0,0.0,0.0
2023-08-18,174.49000549316406,0.2484,0.0555,,,,,,0.0,0.0,17449.000549316406,100.0,False,False,0.0,0.0,0.0
2023-08-21,175.83999633789062,0.23850000000000002,0.055700000000000006,,,,,,0.0,0.0,17583.999633789062,100.0,False,False,0.0,0.0,0.0
2023-08-22,177.22999572753906,0.2379,0.055700000000000006,,,,,,0.0,0.0,17722.999572753906,100.0,False,False,0.0,0.0,0.0
2023-08-23,181.1199951171875,0.2436,0.055700000000000006,,,,,,0.0,0.0,18111.99951171875,100.0,False,False,0.0,0.0,0.0
2023-08-24,176.3800048828125,0.2487,0.0558,,,,,,0.0,0.0,17638.00048828125,100.0,False,False,0.0,0.0,0.0
2023-08-25,178.61000061035156,0.22820000000000001,0.056100000000000004,,,,,,0.0,0.0,17861.000061035156,100.0,False,False,0.0,0.0,0.0
2023-08-28,180.19000244140625,0.2243,0.0558,,,,,,0.0,0.0,18019.000244140625,100.0,False,False,0.0,0.0,0.0
2023-08-29,184.1199951171875,0.2195,0.0556,,,,,,0.0,0.0,18411.99951171875,100.0,False,False,0.0,0.0,0.0
2023-08-30,187.64999389648438,0.2182,0.0556,,,,,,0.0,0.0,18764.999389648438,100.0,False,False,0.0,0.0,0.0
2023-08-31,187.8699951171875,0.223,0.0556,,,,,,0.0,0.0,18786.99951171875,100.0,False,False,0.0,0.0,0.0
2023-09-01,189.4600067138672,0.2091,0.0553,,,,,,0.0,0.0,18946.00067138672,100.0,False,False,0.0,0.0,0.0
2023-09-05,189.6999969482422,0.21739999999999998,0.0555,,,,,,0.0,0.0,18969.99969482422,100.0,False,False,0.0,0.0,0.0
2023-09-06,182.91000366210938,0.2472,0.0555,,,,,,0.0,0.0,18291.000366210938,100.0,False,False,0.0,0.0,0.0
2023-09-07,177.55999755859375,0.2701,0.0553,,,,,,0.0,0.0,17755.999755859375,100.0,False,False,0.0,0.0,0.0
2023-09-08,178.17999267578125,0.2481,0.0555,,,,,,0.0,0.0,17817.999267578125,100.0,False,False,0.0,0.0,0.0
2023-09-11,179.36000061035156,0.2444,0.0555,,,,,,0.0,0.0,17936.000061035156,100.0,False,False,0.0,0.0,0.0
2023-09-12,176.3000030517578,0.24280000000000002,0.0556,,,,,,0.0,0.0,17630.00030517578,100.0,False,False,0.0,0.0,0.0
2023-09-13,174.2100067138672,0.2361,0.0555,,,,,,0.0,0.0,17421.00067138672,100.0,False,False,0.0,0.0,0.0
2023-09-14,175.74000549316406,0.2223,0.0555,,,,,,0.0,0.0,17574.000549316406,100.0,False,False,0.0,0.0,0.0
2023-09-15,175.00999450683594,0.22890000000000002,0.0556,,,,,,0.0,0.0,17500.999450683594,100.0,False,False,0.0,0.0,0.0
2023-09-18,177.97000122070312,0.2263,0.0555,,,,,,0.0,0.0,17797.000122070312,100.0,False,False,0.0,0.0,0.0
2023-09-19,179.07000732421875,0.2284,0.055400000000000005,,,,,,0.0,0.0,17907.000732421875,100.0,False,False,0.0,0.0,0.0
2023-09-20,175.49000549316406,0.24100000000000002,0.0556,,,,,,0.0,0.0,17549.000549316406,100.0,False,False,0.0,0.0,0.0
2023-09-21,173.92999267578125,0.2516,0.055700000000000006,,,,,,0.0,0.0,17392.999267578125,100.0,False,False,0.0,0.0,0.0
2023-09-22,174.7899932861328,0.2525,0.0556,,,,,,0.0,0.0,17478.99932861328,100.0,False,False,0.0,0.0,0.0
2023-09-25,176.0800018310547,0.2589,0.0558,,,,,,0.0,0.0,17608.00018310547,100.0,False,False,0.0,0.0,0.0
2023-09-26,171.9600067138672,0.2799,0.0558,,,,,,0.0,0.0,17196.00067138672,100.0,False,False,0.0,0.0,0.0
2023-09-27,170.42999267578125,0.275,0.0558,,,,,,0.0,0.0,17042.999267578125,100.0,False,False,0.0,0.0,0.0
2023-09-28,170.69000244140625,0.2727,0.0556,,,,,,0.0,0.0,17069.000244140625,100.0,False,False,0.0,0.0,0.0
2023-09-29,171.2100067138672,0.2724,0.0555,,,,,,0.0,0.0,17121.00067138672,100.0,False,False,0.0,0.0,0.0
2023-10-02,173.75,0.2868,0.0562,,,,,,0.0,0.0,17375.0,100.0,False,False,0.0,0.0,0.0
2023-10-03,172.39999389648438,0.3115,0.0562,,,,,,0.0,0.0,17239.999389648438,100.0,False,False,0.0,0.0,0.0
2023-10-04,173.66000366210938,0.3003,0.056100000000000004,,,,,,0.0,0.0,17366.000366210938,100.0,False,False,0.0,0.0,0.0
2023-10-05,174.91000366210938,0.2977,0.056100000000000004,,,,,,0.0,0.0,17491.000366210938,100.0,False,False,0.0,0.0,0.0
2023-10-06,177.49000549316406,0.2838,0.0563,,,,,,0.0,0.0,17749.000549316406,100.0,False,False,0.0,0.0,0.0
2023-10-09,178.99000549316406,0.2791,0.0563,,,,,,0.0,0.0,17899.000549316406,100.0,False,False,0.0,0.0,0.0
2023-10-10,178.38999938964844,0.2777,0.056100000000000004,,,,,,0.0,0.0,17838.999938964844,100.0,False,False,0.0,0.0,0.0
2023-10-11,179.8000030517578,0.27030000000000004,0.056100000000000004,,,,,,0.0,0.0,17980.00030517578,100.0,False,False,0.0,0.0,0.0
2023-10-12,180.7100067138672,0.2721,0.0563,,,,,,0.0,0.0,18071.00067138672,100.0,False,False,0.0,0.0,0.0
2023-10-13,178.85000610351562,0.2924,0.0562,,,,,,0.0,0.0,17885.000610351562,100.0,False,False,0.0,0.0,0.0
2023-10-16,178.72000122070312,0.29350000000000004,0.056100000000000004,,,,,,0.0,0.0,17872.000122070312,100.0,False,False,0.0,0.0,0.0
2023-10-17,177.14999389648438,0.29100000000000004,0.0562,,,,,,0.0,0.0,17714.999389648438,100.0,False,False,0.0,0.0,0.0
2023-10-18,175.83999633789062,0.3036,0.056100000000000004,,,,,,0.0,0.0,17583.999633789062,100.0,False,False,0.0,0.0,0.0
2023-10-19,175.4600067138672,0.3122,0.055999999999999994,,,,,,0.0,0.0,17546.00067138672,100.0,False,False,0.0,0.0,0.0
2023-10-20,172.8800048828125,0.3145,0.0558,,,,,,0.0,0.0,17288.00048828125,100.0,False,False,0.0,0.0,0.0
2023-10-23,173.0,0.3073,0.0558,,,,,,0.0,0.0,17300.0,100.0,False,False,0.0,0.0,0.0
2023-10-24,173.44000244140625,0.2969,0.0558,,,,,,0.0,0.0,17344.000244140625,100.0,False,False,0.0,0.0,0.0
2023-10-25,171.10000610351562,0.30829999999999996,0.0559,,,,,,0.0,0.0,17110.000610351562,100.0,False,False,0.0,0.0,0.0
2023-10-26,166.88999938964844,0.32780000000000004,0.0559,,,,,,0.0,0.0,16688.999938964844,100.0,False,False,0.0,0.0,0.0
2023-10-27,168.22000122070312,0.3178,0.0559,,,,,,0.0,0.0,16822.000122070312,100.0,False,False,0.0,0.0,0.0
2023-10-30,170.2899932861328,0.311,0.055999999999999994,,,,,,0.0,0.0,17028.99932861328,100.0,False,False,0.0,0.0,0.0
2023-10-31,170.77000427246094,0.29850000000000004,0.0559,,,,,,0.0,0.0,17077.000427246094,100.0,False,False,0.0,0.0,0.0
2023-11-01,173.97000122070312,0.2773,0.055700000000000006,,,,,,0.0,0.0,17397.000122070312,100.0,False,False,0.0,0.0,0.0
2023-11-02,177.57000732421875,0.27690000000000003,0.055400000000000005,,,,,,0.0,0.0,17757.000732421875,100.0,False,False,0.0,0.0,0.0
2023-11-03,176.64999389648438,0.2193,0.0553,,,,,,0.0,0.0,17664.999389648438,100.0,False,False,0.0,0.0,0.0
2023-11-06,179.22999572753906,0.21420000000000003,0.0556,,,,,,0.0,0.0,17922.999572753906,100.0,False,False,0.0,0.0,0.0
2023-11-07,181.82000732421875,0.2086,0.0555,,,,,,0.0,0.0,18182.000732421875,100.0,False,False,0.0,0.0,0.0
2023-11-08,182.88999938964844,0.2072,0.055400000000000005,,,,,,0.0,0.0,18288.999938964844,100.0,False,False,0.0,0.0,0.0
2023-11-09,182.41000366210938,0.2364,0.055400000000000005,,,,,,0.0,0.0,18241.000366210938,100.0,False,False,0.0,0.0,0.0
2023-11-10,186.39999389648438,0.203,0.0553,,,,,,0.0,0.0,18639.999389648438,100.0,False,False,0.0,0.0,0.0
2023-11-13,184.8000030517578,0.2147,0.0555,,,,,,0.0,0.0,18480.00030517578,100.0,False,False,0.0,0.0,0.0
2023-11-14,187.44000244140625,0.1963,0.0552,,,,,,0.0,0.0,18744.000244140625,100.0,False,False,0.0,0.0,0.0
2023-11-15,188.00999450683594,0.2104,0.0553,,,,,,0.0,0.0,18800.999450683594,100.0,False,False,0.0,0.0,0.0
2023-11-16,189.7100067138672,0.2071,0.055099999999999996,,,,,,0.0,0.0,18971.00067138672,100.0,False,False,0.0,0.0,0.0
2023-11-17,189.69000244140625,0.20350000000000001,0.055,,,,,,0.0,0.0,18969.000244140625,100.0,False,False,0.0,0.0,0.0
2023-11-20,191.4499969482422,0.1869,0.055400000000000005,,,,,,0.0,0.0,19144.99969482422,100.0,False,False,0.0,0.0,0.0
2023-11-21,190.63999938964844,0.18730000000000002,0.0553,,,,,,0.0,0.0,19063.999938964844,100.0,False,False,0.0,0.0,0.0
2023-11-22,191.30999755859375,0.17989999999999998,0.055400000000000005,,,,,,0.0,0.0,19130.999755859375,100.0,False,False,0.0,0.0,0.0
2023-11-24,189.97000122070312,0.1884,0.055400000000000005,,,,,,0.0,0.0,18997.000122070312,100.0,False,False,0.0,0.0,0.0
2023-11-27,189.7899932861328,0.18480000000000002,0.054900000000000004,,,,,,0.0,0.0,18978.99932861328,100.0,False,False,0.0,0.0,0.0
2023-11-28,190.39999389648438,0.1821,0.0547,,,,,,0.0,0.0,19039.999389648438,100.0,False,False,0.0,0.0,0.0
2023-11-29,189.3699951171875,0.1857,0.0545,,,,,,0.0,0.0,18936.99951171875,100.0,False,False,0.0,0.0,0.0
2023-11-30,189.9499969482422,0.1814,0.0545,,,,,,0.0,0.0,18994.99969482422,100.0,False,False,0.0,0.0,0.0
2023-12-01,191.24000549316406,0.17870000000000003,0.0543,,,,,,0.0,0.0,19124.000549316406,100.0,False,False,0.0,0.0,0.0
2023-12-04,189.42999267578125,0.18730000000000002,0.0546,,,,,,0.0,0.0,18942.999267578125,100.0,False,False,0.0,0.0,0.0
2023-12-05,193.4199981689453,0.1869,0.0545,,,,,,0.0,0.0,19341.99981689453,100.0,False,False,0.0,0.0,0.0
2023-12-06,192.32000732421875,0.1845,0.0545,,,,,,0.0,0.0,19232.000732421875,100.0,False,False,0.0,0.0,0.0
2023-12-07,194.27000427246094,0.1838,0.054400000000000004,,,,,,0.0,0.0,19427.000427246094,100.0,False,False,0.0,0.0,0.0
2023-12-08,195.7100067138672,0.17620000000000002,0.054400000000000004,,,,,,0.0,0.0,19571.00067138672,100.0,False,False,0.0,0.0,0.0
2023-12-11,193.17999267578125,0.18539999999999998,0.0547,,,,,,0.0,0.0,19317.999267578125,100.0,False,False,0.0,0.0,0.0
2023-12-12,194.7100067138672,0.17370000000000002,0.0546,,,,,,0.0,0.0,19471.00067138672,100.0,False,False,0.0,0.0,0.0
2023-12-13,197.9600067138672,0.1745,0.054400000000000004,,,,,,0.0,0.0,19796.00067138672,100.0,False,False,0.0,0.0,0.0
2023-12-14,198.11000061035156,0.1797,0.0543,,,,,,0.0,0.0,19811.000061035156,100.0,False,False,0.0,0.0,0.0
2023-12-15,197.57000732421875,0.177,0.054400000000000004,,,,,,0.0,0.0,19757.000732421875,100.0,False,False,0.0,0.0,0.0
2023-12-18,195.88999938964844,0.179,0.0546,,,,,,0.0,0.0,19588.999938964844,100.0,False,False,0.0,0.0,0.0
2023-12-19,196.94000244140625,0.1796,0.0543,,,,,,0.0,0.0,19694.000244140625,100.0,False,False,0.0,0.0,0.0
2023-12-20,194.8300018310547,0.18710000000000002,0.054400000000000004,,,,,,0.0,0.0,19483.00018310547,100.0,False,False,0.0,0.0,0.0
2023-12-21,194.67999267578125,0.1881,0.0542,,,,,,0.0,0.0,19467.999267578125,100.0,False,False,0.0,0.0,0.0
2023-12-22,193.60000610351562,0.1912,0.054400000000000004,,,,,,0.0,0.0,19360.000610351562,100.0,False,False,0.0,0.0,0.0
2023-12-26,193.0500030517578,0.1973,0.0545,,,,,,0.0,0.0,19305.00030517578,100.0,False,False,0.0,0.0,0.0
2023-12-27,193.14999389648438,0.19829999999999998,0.054400000000000004,,,,,,0.0,0.0,19314.999389648438,100.0,False,False,0.0,0.0,0.0
2023-12-28,193.5800018310547,0.2,0.0545,,,,,,0.0,0.0,19358.00018310547,100.0,False,False,0.0,0.0,0.0
2023-12-29,192.52999877929688,0.2027,0.054000000000000006,,,,,,0.0,0.0,19252.999877929688,100.0,False,False,0.0,0.0,0.0
2024-01-02,185.63999938964844,0.2489,0.0546,,,,,,0.0,0.0,18563.999938964844,100.0,False,False,0.0,0.0,0.0
2024-01-03,184.25,0.2519,0.05480000000000001,,,,,,0.0,0.0,18425.0,100.0,False,False,0.0,0.0,0.0
2024-01-04,181.91000366210938,0.2572,0.05480000000000001,,,,,,0.0,0.0,18191.000366210938,100.0,False,False,0.0,0.0,0.0
2024-01-05,181.17999267578125,0.24910000000000002,0.0547,,,,,,0.0,0.0,18117.999267578125,100.0,False,False,0.0,0.0,0.0
2024-01-08,185.55999755859375,0.2465,0.054900000000000004,,,,,,0.0,0.0,18555.999755859375,100.0,False,False,0.0,0.0,0.0
2024-01-09,185.13999938964844,0.24989999999999998,0.0547,,,,,,0.0,0.0,18513.999938964844,100.0,False,False,0.0,0.0,0.0
2024-01-10,186.19000244140625,0.24530000000000002,0.0546,,,,,,0.0,0.0,18619.000244140625,100.0,False,False,0.0,0.0,0.0
2024-01-11,185.58999633789062,0.2516,0.0546,,,,,,0.0,0.0,18558.999633789062,100.0,False,False,0.0,0.0,0.0
2024-01-12,185.9199981689453,0.2438,0.0545,,,,,,0.0,0.0,18591.99981689453,100.0,False,False,0.0,0.0,0.0
2024-01-16,183.6300048828125,0.2566,0.0545,,,,,,0.0,0.0,18363.00048828125,100.0,False,False,0.0,0.0,0.0
2024-01-17,182.67999267578125,0.263,0.0547,,,,,,0.0,0.0,18267.999267578125,100.0,False,False,0.0,0.0,0.0
2024-01-18,188.6300048828125,0.25079999999999997,0.0545,,,,,,0.0,0.0,18863.00048828125,100.0,False,False,0.0,0.0,0.0
2024-01-19,191.55999755859375,0.2408,0.0545,,,,,,0.0,0.0,19155.999755859375,100.0,False,False,0.0,0.0,0.0
2024-01-22,193.88999938964844,0.2411,0.0546,,,,,,0.0,0.0,19388.999938964844,100.0,False,False,0.0,0.0,0.0
2024-01-23,195.17999267578125,0.23320000000000002,0.0545,,,,,,0.0,0.0,19517.999267578125,100.0,False,False,0.0,0.0,0.0
2024-01-24,194.5,0.239,0.054400000000000004,,,,,,0.0,0.0,19450.0,100.0,False,False,0.0,0.0,0.0
2024-01-25,194.1699981689453,0.24300000000000002,0.054400000000000004,,,,,,0.0,0.0,19416.99981689453,100.0,False,False,0.0,0.0,0.0
2024-01-26,192.4199981689453,0.2452,0.054400000000000004,,,,,,0.0,0.0,19241.99981689453,100.0,False,False,0.0,0.0,0.0
2024-01-29,191.72999572753906,0.2548,0.0542,,,,,,0.0,0.0,19172.999572753906,100.0,False,False,0.0,0.0,0.0
2024-01-30,188.0399932861328,0.28300000000000003,0.0542,,,,,,0.0,0.0,18803.99932861328,100.0,False,False,0.0,0.0,0.0
2024-01-31,184.39999389648438,0.2669,0.0542,,,,,,0.0,0.0,18439.999389648438,100.0,False,False,0.0,0.0,0.0
2024-02-01,186.86000061035156,0.2812,0.0542,,,,,,0.0,0.0,18686.000061035156,100.0,False,False,0.0,0.0,0.0
2024-02-02,185.85000610351562,0.2197,0.0543,,,,,,0.0,0.0,18585.000610351562,100.0,False,False,0.0,0.0,0.0
2024-02-05,187.67999267578125,0.21910000000000002,0.0542,,,,,,0.0,0.0,18767.999267578125,100.0,False,False,0.0,0.0,0.0
2024-02-06,189.3000030517578,0.2084,0.054400000000000004,,,,,,0.0,0.0,18930.00030517578,100.0,False,False,0.0,0.0,0.0
2024-02-07,189.41000366210938,0.2023,0.0543,,,,,,0.0,0.0,18941.000366210938,100.0,False,False,0.0,0.0,0.0
2024-02-08,188.32000732421875,0.2043,0.054400000000000004,,,,,,0.0,0.0,18832.000732421875,100.0,False,False,0.0,0.0,0.0
2024-02-09,188.85000610351562,0.1993,0.054400000000000004,,,,,,0.0,0.0,18885.000610351562,100.0,False,False,0.0,0.0,0.0
2024-02-12,187.14999389648438,0.2126,0.0543,,,,,,0.0,0.0,18714.999389648438,100.0,False,False,0.0,0.0,0.0
2024-02-13,185.0399932861328,0.21920000000000003,0.0545,,,,,,0.0,0.0,18503.99932861328,100.0,False,False,0.0,0.0,0.0
2024-02-14,184.14999389648438,0.22280000000000003,0.0543,,,,,,0.0,0.0,18414.999389648438,100.0,False,False,0.0,0.0,0.0
2024-02-15,183.86000061035156,0.2248,0.0543,,,,,,0.0,0.0,18386.000061035156,100.0,False,False,0.0,0.0,0.0
2024-02-16,182.30999755859375,0.2325,0.054400000000000004,,,,,,0.0,0.0,18230.999755859375,100.0,False,False,0.0,0.0,0.0
2024-02-20,181.55999755859375,0.2352,0.054400000000000004,,,,,,0.0,0.0,18155.999755859375,100.0,False,False,0.0,0.0,0.0
2024-02-21,182.32000732421875,0.2324,0.054400000000000004,,,,,,0.0,0.0,18232.000732421875,100.0,False,False,0.0,0.0,0.0
2024-02-22,184.3699951171875,0.2151,0.0545,,,,,,0.0,0.0,18436.99951171875,100.0,False,False,0.0,0.0,0.0
2024-02-23,182.52000427246094,0.2172,0.0546,,,,,,0.0,0.0,18252.000427246094,100.0,False,False,0.0,0.0,0.0
2024-02-26,181.16000366210938,0.21300000000000002,0.0547,,,,,,0.0,0.0,18116.000366210938,100.0,False,False,0.0,0.0,0.0
2024-02-27,182.6300048828125,0.21739999999999998,0.0545,,,,,,0.0,0.0,18263.00048828125,100.0,False,False,0.0,0.0,0.0
2024-02-28,181.4199981689453,0.219,0.0545,,,,,,0.0,0.0,18141.99981689453,100.0,False,False,0.0,0.0,0.0
2024-02-29,180.75,0.2152,0.0545,,,,,,0.0,0.0,18075.0,100.0,False,False,0.0,0.0,0.0
2024-03-01,179.66000366210938,0.2193,0.0542,,,,,,0.0,0.0,17966.000366210938,100.0,False,False,0.0,0.0,0.0
2024-03-04,175.10000610351562,0.23760000000000003,0.05480000000000001,,,,,,0.0,0.0,17510.000610351562,100.0,False,False,0.0,0.0,0.0
2024-03-05,170.1199951171875,0.24989999999999998,0.0547,,,,,,0.0,0.0,17011.99951171875,100.0,False,False,0.0,0.0,0.0
2024-03-06,169.1199951171875,0.251,0.0547,,,,,,0.0,0.0,16911.99951171875,100.0,False,False,0.0,0.0,0.0
2024-03-07,169.0,0.2464,0.0547,,,,,,0.0,0.0,16900.0,100.0,False,False,0.0,0.0,0.0
2024-03-08,170.72999572753906,0.2421,0.0546,,,,,,0.0,0.0,17072.999572753906,100.0,False,False,0.0,0.0,0.0
2024-03-11,172.75,0.23870000000000002,0.05480000000000001,,,,,,0.0,0.0,17275.0,100.0,False,False,0.0,0.0,0.0
2024-03-12,173.22999572753906,0.2263,0.05480000000000001,,,,,,0.0,0.0,17322.999572753906,100.0,False,False,0.0,0.0,0.0
2024-03-13,171.1300048828125,0.2275,0.05480000000000001,,,,,,0.0,0.0,17113.00048828125,100.0,False,False,0.0,0.0,0.0
2024-03-14,173.0,0.22829999999999998,0.05480000000000001,,,,,,0.0,0.0,17300.0,100.0,False,False,0.0,0.0,0.0
2024-03-15,172.6199951171875,0.22219999999999998,0.05480000000000001,,,,,,0.0,0.0,17261.99951171875,100.0,False,False,0.0,0.0,0.0
2024-03-18,173.72000122070312,0.2323,0.05480000000000001,,,,,,0.0,0.0,17372.000122070312,100.0,False,False,0.0,0.0,0.0
2024-03-19,176.0800018310547,0.2217,0.05480000000000001,,,,,,0.0,0.0,17608.00018310547,100.0,False,False,0.0,0.0,0.0
2024-03-20,178.6699981689453,0.21100000000000002,0.0547,,,,,,0.0,0.0,17866.99981689453,100.0,False,False,0.0,0.0,0.0
2024-03-21,171.3699951171875,0.24300000000000002,0.05480000000000001,,,,,,0.0,0.0,17136.99951171875,100.0,False,False,0.0,0.0,0.0
2024-03-22,172.27999877929688,0.231,0.0546,,,,,,0.0,0.0,17227.999877929688,100.0,False,False,0.0,0.0,0.0
2024-03-25,170.85000610351562,0.23320000000000002,0.0546,,,,,,0.0,0.0,17085.000610351562,100.0,False,False,0.0,0.0,0.0
2024-03-26,169.7100067138672,0.22940000000000002,0.0546,,,,,,0.0,0.0,16971.00067138672,100.0,False,False,0.0,0.0,0.0
2024-03-27,173.30999755859375,0.2214,0.0545,,,,,,0.0,0.0,17330.999755859375,100.0,False,False,0.0,0.0,0.0
2024-03-28,171.47999572753906,0.2259,0.0546,,,,,,0.0,0.0,17147.999572753906,100.0,False,False,0.0,0.0,0.0
2024-04-01,170.02999877929688,0.2655,0.054400000000000004,,,,,,0.0,0.0,17002.999877929688,100.0,False,False,0.0,0.0,0.0
2024-04-02,168.83999633789062,0.2727,0.0542,,,,,,0.0,0.0,16883.999633789062,100.0,False,False,0.0,0.0,0.0
2024-04-03,169.64999389648438,0.27399999999999997,0.0542,,,,,,0.0,0.0,16964.999389648438,100.0,False,False,0.0,0.0,0.0
2024-04-04,168.82000732421875,0.2856,0.0541,,,,,,0.0,0.0,16882.000732421875,100.0,False,False,0.0,0.0,0.0
2024-04-05,169.5800018310547,0.2759,0.0543,,,,,,0.0,0.0,16958.00018310547,100.0,False,False,0.0,0.0,0.0
2024-04-08,168.4499969482422,0.2749,0.0543,,,,,,0.0,0.0,16844.99969482422,100.0,False,False,0.0,0.0,0.0
2024-04-09,169.6699981689453,0.2666,0.0543,,,,,,0.0,0.0,16966.99981689453,100.0,False,False,0.0,0.0,0.0
2024-04-10,167.77999877929688,0.27399999999999997,0.0545,,,,,,0.0,0.0,16777.999877929688,100.0,False,False,0.0,0.0,0.0
2024-04-11,175.0399932861328,0.2707,0.0545,,,,,,0.0,0.0,17503.99932861328,100.0,False,False,0.0,0.0,0.0
2024-04-12,176.5500030517578,0.2888,0.0545,,,,,,0.0,0.0,17655.00030517578,100.0,False,False,0.0,0.0,0.0
2024-04-15,172.69000244140625,0.3018,0.0545,,,,,,0.0,0.0,17269.000244140625,100.0,False,False,0.0,0.0,0.0
2024-04-16,169.3800048828125,0.3091,0.0545,,,,,,0.0,0.0,16938.00048828125,100.0,False,False,0.0,0.0,0.0
2024-04-17,168.0,0.31120000000000003,0.0545,,,,,,0.0,0.0,16800.0,100.0,False,False,0.0,0.0,0.0
2024-04-18,167.0399932861328,0.30870000000000003,0.0546,,,,,,0.0,0.0,16703.99932861328,100.0,False,False,0.0,0.0,0.0
2024-04-19,165.0,0.3118,0.0545,,,,,,0.0,0.0,16500.0,100.0,False,False,0.0,0.0,0.0
2024-04-22,165.83999633789062,0.2926,0.0542,,,,,,0.0,0.0,16583.999633789062,100.0,False,False,0.0,0.0,0.0
2024-04-23,166.89999389648438,0.287,0.0545,,,,,,0.0,0.0,16689.999389648438,100.0,False,False,0.0,0.0,0.0
2024-04-24,169.02000427246094,0.2887,0.0546,,,,,,0.0,0.0,16902.000427246094,100.0,False,False,0.0,0.0,0.0
2024-04-25,169.88999938964844,0.2942,0.0547,,,,,,0.0,0.0,16988.999938964844,100.0,False,False,0.0,0.0,0.0
2024-04-26,169.3000030517578,0.2872,0.0546,,,,,,0.0,0.0,16930.00030517578,100.0,False,False,0.0,0.0,0.0
2024-04-29,173.5,0.2917,0.0545,,,,,,0.0,0.0,17350.0,100.0,False,False,0.0,0.0,0.0
2024-04-30,170.3300018310547,0.2982,0.0546,,,,,,0.0,0.0,17033.00018310547,100.0,False,False,0.0,0.0,0.0
2024-05-01,169.3000030517578,0.3013,0.0546,,,,,,0.0,0.0,16930.00030517578,100.0,False,False,0.0,0.0,0.0
2024-05-02,173.02999877929688,0.2896,0.0546,,,,,,0.0,0.0,17302.999877929688,100.0,False,False,0.0,0.0,0.0
2024-05-03,183.3800048828125,0.1995,0.0545,,,,,,0.0,0.0,18338.00048828125,100.0,False,False,0.0,0.0,0.0
2024-05-06,181.7100067138672,0.2057,0.0545,,,,,,0.0,0.0,18171.00067138672,100.0,False,False,0.0,0.0,0.0
2024-05-07,182.39999389648438,0.2011,0.0545,,,,,,0.0,0.0,18239.999389648438,100.0,False,False,0.0,0.0,0.0
2024-05-08,182.74000549316406,0.1981,0.0545,,,,,,0.0,0.0,18274.000549316406,100.0,False,False,0.0,0.0,0.0
2024-05-09,184.57000732421875,0.19510000000000002,0.0546,,,,,,0.0,0.0,18457.000732421875,100.0,False,False,0.0,0.0,0.0
2024-05-10,183.0500030517578,0.20149999999999998,0.0547,,,,,,0.0,0.0,18305.00030517578,100.0,False,False,0.0,0.0,0.0
2024-05-13,186.27999877929688,0.2189,0.0545,,,,,,0.0,0.0,18627.999877929688,100.0,False,False,0.0,0.0,0.0
2024-05-14,187.42999267578125,0.2144,0.054400000000000004,,,,,,0.0,0.0,18742.999267578125,100.0,False,False,0.0,0.0,0.0
2024-05-15,189.72000122070312,0.20989999999999998,0.0545,,,,,,0.0,0.0,18972.000122070312,100.0,False,False,0.0,0.0,0.0
2024-05-16,189.83999633789062,0.2059,0.0545,,,,,,0.0,0.0,18983.999633789062,100.0,False,False,0.0,0.0,0.0
2024-05-17,189.8699951171875,0.2018,0.0546,,,,,,0.0,0.0,18986.99951171875,100.0,False,False,0.0,0.0,0.0
2024-05-20,191.0399932861328,0.1998,0.0545,,,,,,0.0,0.0,19103.99932861328,100.0,False,False,0.0,0.0,0.0
2024-05-21,192.35000610351562,0.19820000000000002,0.0545,,,,,,0.0,0.0,19235.000610351562,100.0,False,False,0.0,0.0,0.0
2024-05-22,190.89999389648438,0.2024,0.0545,,,,,,0.0,0.0,19089.999389648438,100.0,False,False,0.0,0.0,0.0
2024-05-23,186.8800048828125,0.21280000000000002,0.0546,,,,,,0.0,0.0,18688.00048828125,100.0,False,False,0.0,0.0,0.0
2024-05-24,189.97999572753906,0.2064,0.0546,,,,,,0.0,0.0,18997.999572753906,100.0,False,False,0.0,0.0,0.0
2024-05-28,189.99000549316406,0.2211,0.0546,,,,,,0.0,0.0,18999.000549316406,100.0,False,False,0.0,0.0,0.0
2024-05-29,190.2899932861328,0.231,0.0546,,,,,,0.0,0.0,19028.99932861328,100.0,False,False,0.0,0.0,0.0
2024-05-30,191.2899932861328,0.2378,0.0546,,,,,,0.0,0.0,19128.99932861328,100.0,False,False,0.0,0.0,0.0
2024-05-31,192.25,0.22399999999999998,0.0546,,,,,,0.0,0.0,19225.0,100.0,False,False,0.0,0.0,0.0
2024-06-03,194.02999877929688,0.2299,0.0552,,,,,,0.0,0.0,19402.999877929688,100.0,False,False,0.0,0.0,0.0
2024-06-04,194.35000610351562,0.2343,0.0552,,,,,,0.0,0.0,19435.000610351562,100.0,False,False,0.0,0.0,0.0
2024-06-05,195.8699951171875,0.227,0.055099999999999996,,,,,,0.0,0.0,19586.99951171875,100.0,False,False,0.0,0.0,0.0
2024-06-06,194.47999572753906,0.22870000000000001,0.055099999999999996,,,,,,0.0,0.0,19447.999572753906,100.0,False,False,0.0,0.0,0.0
2024-06-07,196.88999938964844,0.2225,0.0552,,,,,,0.0,0.0,19688.999938964844,100.0,False,False,0.0,0.0,0.0
2024-06-10,193.1199951171875,0.2104,0.0552,,,,,,0.0,0.0,19311.99951171875,100.0,False,False,0.0,0.0,0.0
2024-06-11,207.14999389648438,0.2359,0.0552,,,,,,0.0,0.0,20714.999389648438,100.0,False,False,0.0,0.0,0.0
2024-06-12,213.07000732421875,0.2586,0.055099999999999996,,,,,,0.0,0.0,21307.000732421875,100.0,False,False,0.0,0.0,0.0
2024-06-13,214.24000549316406,0.24100000000000002,0.055099999999999996,,,,,,0.0,0.0,21424.000549316406,100.0,False,False,0.0,0.0,0.0
2024-06-14,212.49000549316406,0.22870000000000001,0.055099999999999996,,,,,,0.0,0.0,21249.000549316406,100.0,False,False,0.0,0.0,0.0
2024-06-17,216.6699981689453,0.2443,0.0552,,,,,,0.0,0.0,21666.99981689453,100.0,False,False,0.0,0.0,0.0
2024-06-18,214.2899932861328,0.2469,0.055,,,,,,0.0,0.0,21428.99932861328,100.0,False,False,0.0,0.0,0.0
2024-06-20,209.67999267578125,0.23829999999999998,0.055,,,,,,0.0,0.0,20967.999267578125,100.0,False,False,0.0,0.0,0.0
2024-06-21,207.49000549316406,0.22469999999999998,0.054900000000000004,,,,,,0.0,0.0,20749.000549316406,100.0,False,False,0.0,0.0,0.0
2024-06-24,208.13999938964844,0.2252,0.055,,,,,,0.0,0.0,20813.999938964844,100.0,False,False,0.0,0.0,0.0
2024-06-25,209.07000732421875,0.22010000000000002,0.054900000000000004,,,,,,0.0,0.0,20907.000732421875,100.0,False,False,0.0,0.0,0.0
2024-06-26,213.25,0.22160000000000002,0.055,,,,,,0.0,0.0,21325.0,100.0,False,False,0.0,0.0,0.0
2024-06-27,214.10000610351562,0.22820000000000001,0.054900000000000004,,,,,,0.0,0.0,21410.000610351562,100.0,False,False,0.0,0.0,0.0
2024-06-28,210.6199951171875,0.2397,0.05480000000000001,,,,,,0.0,0.0,21061.99951171875,100.0,False,False,0.0,0.0,0.0
2024-07-01,216.75,0.2575,0.0547,,,,,,0.0,0.0,21675.0,100.0,False,False,0.0,0.0,0.0
2024-07-02,220.27000427246094,0.2629,0.0547,,,,,,0.0,0.0,22027.000427246094,100.0,False,False,0.0,0.0,0.0
2024-07-03,221.5500030517578,0.267,0.0547,,,,,,0.0,0.0,22155.00030517578,100.0,False,False,0.0,0.0,0.0
2024-07-05,226.33999633789062,0.275,0.0546,,,,,,0.0,0.0,22633.999633789062,100.0,False,False,0.0,0.0,0.0
2024-07-08,227.82000732421875,0.2741,0.0546,,,,,,0.0,0.0,22782.000732421875,100.0,False,False,0.0,0.0,0.0
2024-07-09,228.67999267578125,0.272,0.0546,,,,,,0.0,0.0,22867.999267578125,100.0,False,False,0.0,0.0,0.0
2024-07-10,232.97999572753906,0.2795,0.0546,,,,,,0.0,0.0,23297.999572753906,100.0,False,False,0.0,0.0,0.0
2024-07-11,227.57000732421875,0.2841,0.054400000000000004,,,,,,0.0,0.0,22757.000732421875,100.0,False,False,0.0,0.0,0.0
2024-07-12,230.5399932861328,0.2783,0.0543,,,,,,0.0,0.0,23053.99932861328,100.0,False,False,0.0,0.0,0.0
2024-07-15,234.39999389648438,0.2884,0.0543,,,,,,0.0,0.0,23439.999389648438,100.0,False,False,0.0,0.0,0.0
2024-07-16,234.82000732421875,0.2772,0.0543,,,,,,0.0,0.0,23482.000732421875,100.0,False,False,0.0,0.0,0.0
2024-07-17,228.8800048828125,0.2892,0.0543,,,,,,0.0,0.0,22888.00048828125,100.0,False,False,0.0,0.0,0.0
2024-07-18,224.17999267578125,0.2917,0.0543,,,,,,0.0,0.0,22417.999267578125,100.0,False,False,0.0,0.0,0.0
2024-07-19,224.30999755859375,0.29100000000000004,0.0543,,,,,,0.0,0.0,22430.999755859375,100.0,False,False,0.0,0.0,0.0
2024-07-22,223.9600067138672,0.2834,0.0543,,,,,,0.0,0.0,22396.00067138672,100.0,False,False,0.0,0.0,0.0
2024-07-23,225.00999450683594,0.2812,0.0541,,,,,,0.0,0.0,22500.999450683594,100.0,False,False,0.0,0.0,0.0
2024-07-24,218.5399932861328,0.30510000000000004,0.054000000000000006,,,,,,0.0,0.0,21853.99932861328,100.0,False,False,0.0,0.0,0.0
2024-07-25,217.49000549316406,0.3136,0.053899999999999997,,,,,,0.0,0.0,21749.000549316406,100.0,False,False,0.0,0.0,0.0
2024-07-26,217.9600067138672,0.3003,0.0538,,,,,,0.0,0.0,21796.00067138672,100.0,False,False,0.0,0.0,0.0
2024-07-29,218.24000549316406,0.3061,0.0541,,,,,,0.0,0.0,21824.000549316406,100.0,False,False,0.0,0.0,0.0
2024-07-30,218.8000030517578,0.3072,0.054000000000000006,,,,,,0.0,0.0,21880.00030517578,100.0,False,False,0.0,0.0,0.0
2024-07-31,222.0800018310547,0.3033,0.0541,,,,,,0.0,0.0,22208.00018310547,100.0,False,False,0.0,0.0,0.0
2024-08-01,218.36000061035156,0.3212,0.053700000000000005,,,,,,0.0,0.0,21836.000061035156,100.0,False,False,0.0,0.0,0.0
2024-08-02,219.86000061035156,0.3036,0.0529,,,,,,0.0,0.0,21986.000061035156,100.0,False,False,0.0,0.0,0.0
2024-08-05,209.27000427246094,0.4232,0.0535,,,,,,0.0,0.0,20927.000427246094,100.0,False,False,0.0,0.0,0.0
2024-08-06,207.22999572753906,0.3403,0.0534,,,,,,0.0,0.0,20722.999572753906,100.0,False,False,0.0,0.0,0.0
2024-08-07,209.82000732421875,0.34,0.0534,,,,,,0.0,0.0,20982.000732421875,100.0,False,False,0.0,0.0,0.0
2024-08-08,213.30999755859375,0.29760000000000003,0.0534,,,,,,0.0,0.0,21330.999755859375,100.0,False,False,0.0,0.0,0.0
2024-08-09,216.24000549316406,0.27399999999999997,0.0533,,,,,,0.0,0.0,21624.000549316406,100.0,False,False,0.0,0.0,0.0
2024-08-12,217.52999877929688,0.2731,0.0533,,,,,,0.0,0.0,21752.999877929688,100.0,False,False,0.0,0.0,0.0
2024-08-13,221.27000427246094,0.2604,0.053200000000000004,,,,,,0.0,0.0,22127.000427246094,100.0,False,False,0.0,0.0,0.0
2024-08-14,221.72000122070312,0.251,0.053200000000000004,,,,,,0.0,0.0,22172.000122070312,100.0,False,False,0.0,0.0,0.0
2024-08-15,224.72000122070312,0.2343,0.0534,,,,,,0.0,0.0,22472.000122070312,100.0,False,False,0.0,0.0,0.0
2024-08-16,226.0500030517578,0.23600000000000002,0.0533,,,,,,0.0,0.0,22605.00030517578,100.0,False,False,0.0,0.0,0.0
2024-08-19,225.88999938964844,0.23370000000000002,0.053099999999999994,,,,,,0.0,0.0,22588.999938964844,100.0,False,False,0.0,0.0,0.0
2024-08-20,226.50999450683594,0.24,0.0529,,,,,,0.0,0.0,22650.999450683594,100.0,False,False,0.0,0.0,0.0
2024-08-21,226.39999389648438,0.2404,0.0526,,,,,,0.0,0.0,22639.999389648438,100.0,False,False,0.0,0.0,0.0
2024-08-22,224.52999877929688,0.2524,0.05280000000000001,,,,,,0.0,0.0,22452.999877929688,100.0,False,False,0.0,0.0,0.0
2024-08-23,226.83999633789062,0.2399,0.0525,,,,,,0.0,0.0,22683.999633789062,100.0,False,False,0.0,0.0,0.0
2024-08-26,227.17999267578125,0.2506,0.0524,,,,,,0.0,0.0,22717.999267578125,100.0,False,False,0.0,0.0,0.0
2024-08-27,228.02999877929688,0.2465,0.052300000000000006,,,,,,0.0,0.0,22802.999877929688,100.0,False,False,0.0,0.0,0.0
2024-08-28,226.49000549316406,0.2583,0.0521,,,,,,0.0,0.0,22649.000549316406,100.0,False,False,0.0,0.0,0.0
2024-08-29,229.7899932861328,0.2629,0.052199999999999996,,,,,,0.0,0.0,22978.99932861328,100.0,False,False,0.0,0.0,0.0
2024-08-30,229.0,0.24980000000000002,0.0521,,,,,,0.0,0.0,22900.0,100.0,False,False,0.0,0.0,0.0
2024-09-03,222.77000427246094,0.2851,0.0519,,,,,,0.0,0.0,22277.000427246094,100.0,False,False,0.0,0.0,0.0
2024-09-04,220.85000610351562,0.2912,0.0518,,,,,,0.0,0.0,22085.000610351562,100.0,False,False,0.0,0.0,0.0
2024-09-05,222.3800048828125,0.28550000000000003,0.051500000000000004,,,,,,0.0,0.0,22238.00048828125,100.0,False,False,0.0,0.0,0.0
2024-09-06,220.82000732421875,0.306,0.0513,,,,,,0.0,0.0,22082.000732421875,100.0,False,False,0.0,0.0,0.0
2024-09-09,220.91000366210938,0.2917,0.051100000000000007,,,,,,0.0,0.0,22091.000366210938,100.0,False,False,0.0,0.0,0.0
2024-09-10,220.11000061035156,0.2822,0.0506,,,,,,0.0,0.0,22011.000061035156,100.0,False,False,0.0,0.0,0.0
2024-09-11,222.66000366210938,0.26239999999999997,0.051,,,,,,0.0,0.0,22266.000366210938,100.0,False,False,0.0,0.0,0.0
2024-09-12,222.77000427246094,0.2559,0.0506,,,,,,0.0,0.0,22277.000427246094,100.0,False,False,0.0,0.0,0.0
2024-09-13,222.5,0.2482,0.0497,,,,,,0.0,0.0,22250.0,100.0,False,False,0.0,0.0,0.0
2024-09-16,216.32000732421875,0.2637,0.0496,,,,,,0.0,0.0,21632.000732421875,100.0,False,False,0.0,0.0,0.0
2024-09-17,216.7899932861328,0.2602,0.0495,,,,,,0.0,0.0,21678.99932861328,100.0,False,False,0.0,0.0,0.0
2024-09-18,220.69000244140625,0.26280000000000003,0.0484,,,,,,0.0,0.0,22069.000244140625,100.0,False,False,0.0,0.0,0.0
2024-09-19,228.8699951171875,0.24559999999999998,0.048,,,,,,0.0,0.0,22886.99951171875,100.0,False,False,0.0,0.0,0.0
2024-09-20,228.1999969482422,0.242,0.0475,,,,,,0.0,0.0,22819.99969482422,100.0,False,False,0.0,0.0,0.0
2024-09-23,226.47000122070312,0.2303,0.0472,,,,,,0.0,0.0,22647.000122070312,100.0,False,False,0.0,0.0,0.0
2024-09-24,227.3699951171875,0.2303,0.046900000000000004,,,,,,0.0,0.0,22736.99951171875,100.0,False,False,0.0,0.0,0.0
2024-09-25,226.3699951171875,0.23260000000000003,0.046900000000000004,,,,,,0.0,0.0,22636.99951171875,100.0,False,False,0.0,0.0,0.0
2024-09-26,227.52000427246094,0.24050000000000002,0.0468,,,,,,0.0,0.0,22752.000427246094,100.0,False,False,0.0,0.0,0.0
2024-09-27,227.7899932861328,0.2525,0.0468,,,,,,0.0,0.0,22778.99932861328,100.0,False,False,0.0,0.0,0.0
2024-09-30,233.0,0.2671,0.04730000000000001,,,,,,0.0,0.0,23300.0,100.0,False,False,0.0,0.0,0.0
2024-10-01,226.2100067138672,0.2893,0.0471,,,,,,0.0,0.0,22621.00067138672,100.0,False,False,0.0,0.0,0.0
2024-10-02,226.77999877929688,0.2897,0.046900000000000004,,,,,,0.0,0.0,22677.999877929688,100.0,False,False,0.0,0.0,0.0
2024-10-03,225.6699981689453,0.2942,0.0468,,,,,,0.0,0.0,22566.99981689453,100.0,False,False,0.0,0.0,0.0
2024-10-04,226.8000030517578,0.28440000000000004,0.04730000000000001,,,,,,0.0,0.0,22680.00030517578,100.0,False,False,0.0,0.0,0.0
2024-10-07,221.69000244140625,0.3144,0.0477,,,,,,0.0,0.0,22169.000244140625,100.0,False,False,0.0,0.0,0.0
2024-10-08,225.77000427246094,0.3008,0.0475,,,,,,0.0,0.0,22577.000427246094,100.0,False,False,0.0,0.0,0.0
2024-10-09,229.5399932861328,0.2921,0.0475,,,,,,0.0,0.0,22953.99932861328,100.0,False,False,0.0,0.0,0.0
2024-10-10,229.0399932861328,0.2913,0.0475,,,,,,0.0,0.0,22903.99932861328,100.0,False,False,0.0,0.0,0.0
2024-10-11,227.5500030517578,0.2866,0.04730000000000001,,,,,,0.0,0.0,22755.00030517578,100.0,False,False,0.0,0.0,0.0
2024-10-14,231.3000030517578,0.2781,0.04730000000000001,,,,,,0.0,0.0,23130.00030517578,100.0,False,False,0.0,0.0,0.0
2024-10-15,233.85000610351562,0.28750000000000003,0.04730000000000001,,,,,,0.0,0.0,23385.000610351562,100.0,False,False,0.0,0.0,0.0
2024-10-16,231.77999877929688,0.2818,0.0472,,,,,,0.0,0.0,23177.999877929688,100.0,False,False,0.0,0.0,0.0
2024-10-17,232.14999389648438,0.2776,0.047400000000000005,,,,,,0.0,0.0,23214.999389648438,100.0,False,False,0.0,0.0,0.0
2024-10-18,235.0,0.2705,0.04730000000000001,,,,,,0.0,0.0,23500.0,100.0,False,False,0.0,0.0,0.0
2024-10-21,236.47999572753906,0.2661,0.04730000000000001,,,,,,0.0,0.0,23647.999572753906,100.0,False,False,0.0,0.0,0.0
2024-10-22,235.86000061035156,0.268,0.0472,,,,,,0.0,0.0,23586.000061035156,100.0,False,False,0.0,0.0,0.0
2024-10-23,230.75999450683594,0.2874,0.04730000000000001,,,,,,0.0,0.0,23075.999450683594,100.0,False,False,0.0,0.0,0.0
2024-10-24,230.57000732421875,0.2886,0.047,,,,,,0.0,0.0,23057.000732421875,100.0,False,False,0.0,0.0,0.0
2024-10-25,231.41000366210938,0.2944,0.04730000000000001,,,,,,0.0,0.0,23141.000366210938,100.0,False,False,0.0,0.0,0.0
2024-10-28,233.39999389648438,0.2839,0.047,,,,,,0.0,0.0,23339.999389648438,100.0,False,False,0.0,0.0,0.0
2024-10-29,233.6699981689453,0.2826,0.047,,,,,,0.0,0.0,23366.99981689453,100.0,False,False,0.0,0.0,0.0
2024-10-30,230.10000610351562,0.3053,0.0467,,,,,,0.0,0.0,23010.000610351562,100.0,False,False,0.0,0.0,0.0
2024-10-31,225.91000366210938,0.3215,0.0464,,,,,,0.0,0.0,22591.000366210938,100.0,False,False,0.0,0.0,0.0
2024-11-01,222.91000366210938,0.2644,0.0461,,,,,,0.0,0.0,22291.000366210938,100.0,False,False,0.0,0.0,0.0
2024-11-04,222.00999450683594,0.2641,0.04650000000000001,,,,,,0.0,0.0,22200.999450683594,100.0,False,False,0.0,0.0,0.0
2024-11-05,223.4499969482422,0.2524,0.0464,,,,,,0.0,0.0,22344.99969482422,100.0,False,False,0.0,0.0,0.0
2024-11-06,222.72000122070312,0.2286,0.0464,,,,,,0.0,0.0,22272.000122070312,100.0,False,False,0.0,0.0,0.0
2024-11-07,227.47999572753906,0.2138,0.0463,,,,,,0.0,0.0,22747.999572753906,100.0,False,False,0.0,0.0,0.0
2024-11-08,226.9600067138672,0.20870000000000002,0.0463,,,,,,0.0,0.0,22696.00067138672,100.0,False,False,0.0,0.0,0.0
2024-11-11,224.22999572753906,0.2193,0.0463,,,,,,0.0,0.0,22422.999572753906,100.0,False,False,0.0,0.0,0.0
2024-11-12,224.22999572753906,0.2163,0.0463,,,,,,0.0,0.0,22422.999572753906,100.0,False,False,0.0,0.0,0.0
2024-11-13,225.1199951171875,0.212,0.046,,,,,,0.0,0.0,22511.99951171875,100.0,False,False,0.0,0.0,0.0
2024-11-14,228.22000122070312,0.209,0.0461,,,,,,0.0,0.0,22822.000122070312,100.0,False,False,0.0,0.0,0.0
2024-11-15,225.0,0.2249,0.046,,,,,,0.0,0.0,22500.0,100.0,False,False,0.0,0.0,0.0
2024-11-18,228.02000427246094,0.22260000000000002,0.0463,,,,,,0.0,0.0,22802.000427246094,100.0,False,False,0.0,0.0,0.0
2024-11-19,228.27999877929688,0.22280000000000003,0.046200000000000005,,,,,,0.0,0.0,22827.999877929688,100.0,False,False,0.0,0.0,0.0
2024-11-20,229.0,0.22399999999999998,0.046200000000000005,,,,,,0.0,0.0,22900.0,100.0,False,False,0.0,0.0,0.0
2024-11-21,228.52000427246094,0.22469999999999998,0.0463,,,,,,0.0,0.0,22852.000427246094,100.0,False,False,0.0,0.0,0.0
2024-11-22,229.8699951171875,0.2127,0.0463,,,,,,0.0,0.0,22986.99951171875,100.0,False,False,0.0,0.0,0.0
2024-11-25,232.8699951171875,0.2,0.046200000000000005,,,,,,0.0,0.0,23286.99951171875,100.0,False,False,0.0,0.0,0.0
2024-11-26,235.05999755859375,0.19039999999999999,0.0461,,,,,,0.0,0.0,23505.999755859375,100.0,False,False,0.0,0.0,0.0
2024-11-27,234.92999267578125,0.1908,0.046,,,,,,0.0,0.0,23492.999267578125,100.0,False,False,0.0,0.0,0.0
2024-11-29,237.3300018310547,0.1931,0.0458,,,,,,0.0,0.0,23733.00018310547,100.0,False,False,0.0,0.0,0.0
2024-12-02,239.58999633789062,0.1881,0.0451,,,,,,0.0,0.0,23958.999633789062,100.0,False,False,0.0,0.0,0.0
2024-12-03,242.64999389648438,0.1819,0.0449,,,,,,0.0,0.0,24264.999389648438,100.0,False,False,0.0,0.0,0.0
2024-12-04,243.00999450683594,0.1861,0.0447,,,,,,0.0,0.0,24300.999450683594,100.0,False,False,0.0,0.0,0.0
2024-12-05,243.0399932861328,0.1863,0.0446,,,,,,0.0,0.0,24303.99932861328,100.0,False,False,0.0,0.0,0.0
2024-12-06,242.83999633789062,0.1812,0.0442,,,,,,0.0,0.0,24283.999633789062,100.0,False,False,0.0,0.0,0.0
2024-12-09,246.75,0.1923,0.0442,,,,,,0.0,0.0,24675.0,100.0,False,False,0.0,0.0,0.0
2024-12-10,247.77000427246094,0.1972,0.0441,,,,,,0.0,0.0,24777.000427246094,100.0,False,False,0.0,0.0,0.0
2024-12-11,246.49000549316406,0.1974,0.0438,,,,,,0.0,0.0,24649.000549316406,100.0,False,False,0.0,0.0,0.0
2024-12-12,247.9600067138672,0.1941,0.0435,,,,,,0.0,0.0,24796.00067138672,100.0,False,False,0.0,0.0,0.0
2024-12-13,248.1300048828125,0.2053,0.0434,,,,,,0.0,0.0,24813.00048828125,100.0,False,False,0.0,0.0,0.0
2024-12-16,251.0399932861328,0.2139,0.0437,,,,,,0.0,0.0,25103.99932861328,100.0,False,False,0.0,0.0,0.0
2024-12-17,253.47999572753906,0.2189,0.0438,,,,,,0.0,0.0,25347.999572753906,100.0,False,False,0.0,0.0,0.0
2024-12-18,248.0500030517578,0.2555,0.04360000000000001,,,,,,0.0,0.0,24805.00030517578,100.0,False,False,0.0,0.0,0.0
2024-12-19,249.7899932861328,0.2698,0.0435,,,,,,0.0,0.0,24978.99932861328,100.0,False,False,0.0,0.0,0.0
2024-12-20,254.49000549316406,0.2359,0.0434,,,,,,0.0,0.0,25449.000549316406,100.0,False,False,0.0,0.0,0.0
2024-12-23,255.27000427246094,0.2136,0.04360000000000001,,,,,,0.0,0.0,25527.000427246094,100.0,False,False,0.0,0.0,0.0
2024-12-24,258.20001220703125,0.2031,0.044000000000000004,,,,,,0.0,0.0,25820.001220703125,100.0,False,False,0.0,0.0,0.0
2024-12-26,259.0199890136719,0.2231,0.0435,,,,,,0.0,0.0,25901.998901367188,100.0,False,False,0.0,0.0,0.0
2024-12-27,255.58999633789062,0.2324,0.0431,,,,,,0.0,0.0,25558.999633789062,100.0,False,False,0.0,0.0,0.0
2024-12-30,252.1999969482422,0.26789999999999997,0.0437,,,,,,0.0,0.0,25219.99969482422,100.0,False,False,0.0,0.0,0.0
2024-12-31,250.4199981689453,0.26030000000000003,0.0437,,,,,,0.0,0.0,25041.99981689453,100.0,False,False,0.0,0.0,0.0
